Sec,NanoSec,0-ref Sec,w_left,w_right
1633451993,908047163,0,0,0
1633451994,6936340,0.098889112,0,0
1633451994,106210685,0.198163509,0,0
1633451994,205340036,0.297292948,0,0
1633451994,304125169,0.396077871,0,0
1633451994,402862964,0.494815826,0,0
1633451994,502752818,0.594705582,0,0
1633451994,612277840,0.704230547,0,0
1633451994,711542202,0.80349493,0,0
1633451994,810260827,0.902213573,0,0
1633451994,909763514,1.001716375,0,0
1633451995,8260160,1.100213051,0,0
1633451995,107101041,1.199053764,0,0
1633451995,206316016,1.298268795,0,0
1633451995,305724036,1.397676945,0,0
1633451995,404576263,1.496529102,0,0
1633451995,503868031,1.595820904,0,0
1633451995,602019741,1.693972588,0,0
1633451995,712537531,1.804490328,0,0
1633451995,811586450,1.903539181,0,0
1633451995,910118998,2.002071857,0,0
1633451996,9548149,2.101500988,0,0
1633451996,108753185,2.200706005,0,0
1633451996,207070396,2.299023151,0,0
1633451996,306090698,2.398043394,0,0
1633451996,405061017,2.497013807,0,0
1633451996,504607442,2.59656024,0,0
1633451996,603135866,2.695088625,0,0
1633451996,702010870,2.793963671,0,0
1633451996,812432437,2.904385328,0,0
1633451996,911372256,3.003324986,0,0
1633451997,10524692,3.102477551,0,0
1633451997,111937892,3.2038908,0,0
1633451997,208451612,3.30040431,0,0
1633451997,307578947,3.399531841,0,0
1633451997,407570915,3.49952364,0,0
1633451997,505242022,3.59719491,0,0
1633451997,604025954,3.695978642,0,0
1633451997,703753422,3.795706272,0,0
1633451997,802112157,3.894064903,0,0
1633451997,912300981,4.004253864,0,0
1633451998,110300183,4.202252865,0,0
1633451998,211542855,4.303495646,0,0
1633451998,308193625,4.400146484,0,0
1633451998,407151196,4.499104023,0,0
1633451998,506732508,4.598685265,0,0
1633451998,605733506,4.697686195,0,0
1633451998,703912813,4.795865536,0,0
1633451998,803274665,4.895227432,0,0
1633451998,902917587,4.994870424,0,0
1633451999,12521919,5.104474783,0,0
1633451999,111413566,5.20336628,0,0
1633451999,210829130,5.30278182,0,0
1633451999,309295523,5.401248217,0,0
1633451999,705647509,5.797600269,0,0
1633451999,804197056,5.896149874,0,0
1633451999,902975459,5.99492836,0,0
1633452000,2706060,6.094658852,0,0
1633452000,112788065,6.204740763,0,0
1633452000,310783946,6.402736664,0,0
1633452000,409521540,6.50147438,0,0
1633452000,508121821,6.60007453,0,0
1633452000,805831906,6.89778471,0,0
1633452000,904877277,6.996829987,0,0
1633452001,2967952,7.094920635,0,0
1633452001,213020010,7.304972887,0,0
1633452001,311832054,7.403784752,0,0
1633452001,410484432,7.502437115,0,0
1633452001,509352959,7.601305723,0,0
1633452001,608363248,7.700315952,0,0
1633452001,707235250,7.799188137,0,0
1633452001,905051459,7.997004271,0,0
1633452002,4015867,8.095968723,0,0
1633452002,103035581,8.194988489,0,0
1633452002,312631464,8.404584169,0,0
1633452002,510392255,8.60234499,0,0
1633452002,609573535,8.701526403,0,0
1633452002,708221749,8.800174475,0,0
1633452002,807403627,8.899356365,0,0
1633452002,906972619,8.998925447,0,0
1633452003,6023205,9.097975969,0,0
1633452003,104143803,9.196096659,0,0
1633452003,203775902,9.295728683,0,0
1633452003,303023101,9.394975901,0,0
1633452003,412507387,9.504460096,0,0
1633452003,511814226,9.603766918,0,0
1633452003,610152177,9.702105045,0,0
1633452003,709478155,9.801430941,0,0
1633452003,808756277,9.900709152,0,0
1633452003,907348450,9.999301195,0,0
1633452004,6129701,10.09808254,0,0
1633452004,105002351,10.1969552,0,0
1633452004,204247070,10.2961998,0,0
1633452004,403035818,10.49498868,0,0
1633452004,611787344,10.70374012,0,0
1633452004,908637477,11.00059032,0,0
1633452005,106214092,11.19816685,0,0
1633452005,205667995,11.29762077,0,0
1633452005,404011945,11.49596477,0,0
1633452005,502946329,11.59489918,0,0
1633452005,612319042,11.70427179,0,0
1633452005,711417001,11.80336976,0,0
1633452005,909315964,12.00126886,0,0
1633452006,8107162,12.10005999,0,0
1633452006,107166463,12.19911933,0,0
1633452006,206966414,12.2989192,0,0
1633452006,503226066,12.59517884,0,0
1633452006,602382036,12.69433475,0,0
1633452006,723679902,12.81563282,0,0
1633452006,811207437,12.90316033,1.817080557,1.817080557
1633452006,910271050,13.00222397,4.542701393,2.665051484
1633452007,9155648,13.10110855,5.39067232,5.39067232
1633452007,108978449,13.20093131,6.056935191,6.056935191
1633452007,207109542,13.29906225,6.056935191,6.056935191
1633452007,306448023,13.39840078,5.996365839,6.056935191
1633452007,405277518,13.49723029,5.39067232,6.056935191
1633452007,504202283,13.59615517,4.845548153,6.056935191
1633452007,603675436,13.69562817,4.845548153,6.056935191
1633452007,702806237,13.79475904,4.845548153,6.056935191
1633452007,911375224,14.00332808,3.028467595,6.056935191
1633452008,10754226,14.10270691,3.028467595,6.056935191
1633452008,109119853,14.20107269,3.81586917,6.056935191
1633452008,307091601,14.39904451,6.056935191,6.056935191
1633452008,505335492,14.59728837,6.056935191,6.056935191
1633452008,703120449,14.79507327,5.996365839,6.056935191
1633452008,912373875,15.00432658,5.148394912,6.056935191
1633452009,11497255,15.10345006,5.208964264,6.056935191
1633452009,110547791,15.20250058,5.39067232,6.056935191
1633452009,209545493,15.30149817,5.39067232,6.056935191
1633452009,309401242,15.40135407,5.39067232,6.056935191
1633452009,407118095,15.49907088,5.208964264,6.056935191
1633452009,507068599,15.59902143,5.148394912,6.056935191
1633452009,605146662,15.69709945,5.148394912,6.056935191
1633452009,704855149,15.796808,5.148394912,6.056935191
1633452009,803657065,15.89560986,5.208964264,6.056935191
1633452009,902916665,15.99486947,5.875227135,6.056935191
1633452010,12206834,16.10415959,6.056935191,6.056935191
1633452010,111559142,16.20351195,5.39067232,6.056935191
1633452010,210578844,16.30253172,5.39067232,6.056935191
1633452010,408721575,16.50067449,4.482132041,5.996365839
1633452010,705254732,16.79720759,6.056935191,6.056935191
1633452010,903922329,16.99587512,6.056935191,6.056935191
1633452011,2953955,17.09490681,6.056935191,6.056935191
1633452011,112781150,17.20473385,6.056935191,6.056935191
1633452011,310759932,17.40271282,5.39067232,6.056935191
1633452011,409152224,17.50110507,5.330102968,6.056935191
1633452011,707098987,17.79905176,6.056935191,6.056935191
1633452011,805538823,17.89749169,6.056935191,6.056935191
1633452011,904125441,17.99607825,6.056935191,6.056935191
1633452012,410737879,18.50269079,6.056935191,6.056935191
1633452012,509366673,18.60131955,6.056935191,6.056935191
1633452012,707284908,18.79923773,6.056935191,6.056935191
1633452012,807645825,18.8995986,6.056935191,6.056935191
1633452013,4603473,19.09655619,5.511811024,6.056935191
1633452013,104103372,19.19605613,5.511811024,6.056935191
1633452013,203352630,19.29530549,6.056935191,6.056935191
1633452013,411265689,19.50321841,5.330102968,6.056935191
1633452013,510543060,19.60249591,5.330102968,6.056935191
1633452013,609822424,19.70177531,5.148394912,6.056935191
1633452013,708323652,19.80027652,4.845548153,6.056935191
1633452013,807323462,19.89927626,6.056935191,6.056935191
1633452014,5795826,20.09774852,6.056935191,6.056935191
1633452014,115495633,20.20744848,6.056935191,6.056935191
1633452014,204185629,20.29613853,6.056935191,6.056935191
1633452014,412476008,20.50442886,6.056935191,6.056935191
1633452014,511648804,20.60360169,6.056935191,6.056935191
1633452014,808336591,20.9002893,6.056935191,6.056935191
1633452015,7201125,21.099154,6.056935191,6.056935191
1633452015,105585044,21.1975379,6.056935191,6.056935191
1633452015,204194115,21.29614687,6.056935191,6.056935191
1633452015,402209280,21.49416208,6.056935191,6.056935191
1633452015,512579199,21.604532,6.056935191,6.056935191
1633452015,611762605,21.70371532,6.056935191,6.056935191
1633452015,908200945,22.00015378,6.056935191,6.056935191
1633452016,7561250,22.09951401,6.056935191,6.056935191
1633452016,304304796,22.39625764,6.056935191,6.056935191
1633452016,503917988,22.59587073,6.056935191,6.056935191
1633452016,612211477,22.70416427,6.056935191,6.056935191
1633452016,711380352,22.80333304,6.056935191,6.056935191
1633452016,810356522,22.90230942,6.056935191,6.056935191
1633452017,8481502,23.1004343,6.056935191,6.056935191
1633452017,107717267,23.19967008,6.056935191,6.056935191
1633452017,206611478,23.2985642,6.056935191,6.056935191
1633452017,503470002,23.59542274,5.875227135,6.056935191
1633452017,603103898,23.69505668,5.875227135,6.056935191
1633452017,713103722,23.80505657,5.875227135,6.056935191
1633452017,911024976,24.00297785,5.572380376,6.056935191
1633452018,9595387,24.10154819,5.330102968,6.056935191
1633452018,109250721,24.20120358,5.330102968,6.056935191
1633452018,207281058,24.29923391,5.330102968,6.056935191
1633452018,405964955,24.49791765,6.056935191,6.056935191
1633452018,504443465,24.59639621,6.056935191,6.056935191
1633452018,603384904,24.69533777,6.056935191,6.056935191
1633452018,703133945,24.79508686,6.056935191,6.056935191
1633452018,812779165,24.90473199,6.056935191,6.056935191
1633452018,911268442,25.00322127,6.056935191,6.056935191
1633452019,208280688,25.3002336,6.056935191,6.056935191
1633452019,307600384,25.3995533,6.056935191,6.056935191
1633452019,406263175,25.49821591,6.056935191,6.056935191
1633452019,506174402,25.59812713,6.056935191,6.056935191
1633452019,605087213,25.69704008,6.056935191,6.056935191
1633452019,803106317,25.89505911,6.056935191,6.056935191
1633452019,912282244,26.00423503,6.056935191,6.056935191
1633452020,110562180,26.20251489,6.056935191,6.056935191
1633452020,209310772,26.30126357,6.056935191,6.056935191
1633452020,308773103,26.40072584,6.056935191,6.056935191
1633452020,407429281,26.49938202,6.056935191,6.056935191
1633452020,803863985,26.8958168,6.056935191,6.056935191
1633452021,12292405,27.10424519,6.056935191,6.056935191
1633452021,112089612,27.20404243,6.056935191,6.056935191
1633452021,210540228,27.3024931,6.056935191,6.056935191
1633452021,309573767,27.40152645,6.056935191,6.056935191
1633452021,409052329,27.50100517,6.056935191,6.056935191
1633452021,607287380,27.69924021,6.056935191,6.056935191
1633452021,705940276,27.79789305,6.056935191,6.056935191
1633452021,804461705,27.89641452,6.056935191,6.056935191
1633452021,903352986,27.99530578,6.056935191,6.056935191
1633452022,2907415,28.09486032,6.056935191,6.056935191
1633452022,211301996,28.30325484,6.056935191,6.056935191
1633452022,310806253,28.40275908,6.056935191,6.056935191
1633452022,409448933,28.50140166,6.056935191,6.056935191
1633452022,805399511,28.89735222,6.056935191,6.056935191
1633452022,904305830,28.99625874,6.056935191,6.056935191
1633452023,3999103,29.0959518,6.056935191,6.056935191
1633452023,102882812,29.19483566,6.056935191,6.056935191
1633452023,224095328,29.31604815,6.056935191,6.056935191
1633452023,322607274,29.41456008,6.056935191,6.056935191
1633452023,411106160,29.50305891,6.056935191,6.056935191
1633452023,509792413,29.60174513,6.056935191,6.056935191
1633452023,608395565,29.70034838,6.056935191,6.056935191
1633452023,708326742,29.80027962,6.056935191,6.056935191
1633452023,917098865,30.00905156,6.056935191,6.056935191
1633452024,4564945,30.0965178,6.056935191,6.056935191
1633452024,103913347,30.19586611,6.056935191,6.056935191
1633452024,202888666,30.29484153,6.056935191,6.056935191
1633452024,301821411,30.39377427,6.056935191,6.056935191
1633452024,510582203,30.60253501,6.056935191,6.056935191
1633452024,709248137,30.80120087,6.056935191,6.056935191
1633452024,907068887,30.99902177,6.056935191,6.056935191
1633452025,5777533,31.0977304,6.056935191,6.056935191
1633452025,104531177,31.19648409,6.056935191,6.056935191
1633452025,302746118,31.39469886,6.056935191,6.056935191
1633452025,401690527,31.49364328,6.056935191,6.056935191
1633452025,512215430,31.60416818,6.056935191,6.056935191
1633452025,610402441,31.70235515,6.056935191,6.056935191
1633452025,709404743,31.80135751,6.056935191,6.056935191
1633452025,808388416,31.90034127,6.056935191,6.056935191
1633452026,7238855,32.09919167,6.056935191,6.056935191
1633452026,204597069,32.2965498,6.056935191,6.056935191
1633452026,303427751,32.3953805,6.056935191,6.056935191
1633452026,402642854,32.49459577,6.056935191,6.056935191
1633452026,501505815,32.59345865,6.056935191,6.056935191
1633452026,710485908,32.80243874,6.056935191,6.056935191
1633452026,809613269,32.90156603,6.056935191,6.056935191
1633452026,908562382,33.00051522,6.056935191,6.056935191
1633452027,11760208,33.10371304,6.056935191,6.056935191
1633452027,206010232,33.29796314,6.056935191,6.056935191
1633452027,305039261,33.39699197,6.056935191,6.056935191
1633452027,403893050,33.49584579,6.056935191,6.056935191
1633452027,602515241,33.69446802,6.056935191,6.056935191
1633452028,9254436,34.10120726,6.056935191,6.056935191
1633452028,107614406,34.19956732,6.056935191,6.056935191
1633452028,218238267,34.31019115,6.056935191,6.056935191
1633452028,305479379,34.39743209,6.056935191,6.056935191
1633452028,404982074,34.49693489,6.056935191,6.056935191
1633452028,503820871,34.5957737,6.056935191,6.056935191
1633452028,702100618,34.79405332,6.056935191,6.056935191
1633452029,109129020,35.20108175,6.056935191,6.056935191
1633452029,208287056,35.3002398,6.056935191,6.056935191
1633452029,307243213,35.39919591,6.056935191,6.056935191
1633452029,405659031,35.49761176,6.056935191,6.056935191
1633452029,505401362,35.59735417,6.056935191,6.056935191
1633452029,603438052,35.69539094,6.056935191,6.056935191
1633452029,703044014,35.79499674,6.056935191,6.056935191
1633452029,801918571,35.89387131,6.056935191,6.056935191
1633452029,911466238,36.00341892,6.056935191,6.056935191
1633452030,11391646,36.10334444,6.056935191,6.056935191
1633452030,110082874,36.20203567,6.056935191,6.056935191
1633452030,208606844,36.30055976,6.056935191,6.056935191
1633452030,307885860,36.39983869,6.056935191,6.056935191
1633452030,407114119,36.49906683,6.056935191,6.056935191
1633452030,605252080,36.69720483,6.056935191,6.056935191
1633452030,703988668,36.79594135,6.056935191,6.056935191
1633452030,802898716,36.89485145,6.056935191,6.056935191
1633452030,902062837,36.99401569,6.056935191,6.056935191
1633452031,11468713,37.10342145,6.056935191,6.056935191
1633452031,210274242,37.30222702,6.056935191,6.056935191
1633452031,308492048,37.40044475,6.056935191,6.056935191
1633452031,418582663,37.51053548,6.056935191,6.056935191
1633452031,506756113,37.59870887,6.056935191,6.056935191
1633452031,606127428,37.6980803,6.056935191,6.056935191
1633452032,4205268,38.09615803,6.056935191,6.056935191
1633452032,123357591,38.21531034,6.056935191,6.056935191
1633452032,309558854,38.40151167,6.056935191,6.056935191
1633452032,508233304,38.60018611,6.056935191,6.056935191
1633452032,607222427,38.69917512,6.056935191,6.056935191
1633452032,705435942,38.79738879,6.056935191,6.056935191
1633452032,815457008,38.90740991,6.056935191,6.056935191
1633452032,903964591,38.99591732,6.056935191,6.056935191
1633452033,2517386,39.09447026,6.056935191,6.056935191
1633452033,113452847,39.20540571,6.056935191,6.056935191
1633452033,311507628,39.4034605,6.056935191,6.056935191
1633452033,508432833,39.60038567,6.056935191,6.056935191
1633452033,607450011,39.69940281,6.056935191,6.056935191
1633452033,706647103,39.79859996,6.056935191,6.056935191
1633452033,806445572,39.8983984,6.056935191,6.056935191
1633452033,915564797,40.00751758,6.056935191,6.056935191
1633452034,3526850,40.09547973,6.056935191,6.056935191
1633452034,102792775,40.19474554,6.056935191,6.056935191
1633452034,202037335,40.29399014,6.056935191,6.056935191
1633452034,410692840,40.50264573,6.056935191,6.056935191
1633452034,510245941,40.60219884,6.056935191,6.056935191
1633452034,609262327,40.70121503,6.056935191,6.056935191
1633452034,907588843,40.99954176,6.056935191,6.056935191
1633452035,5321173,41.09727407,6.056935191,6.056935191
1633452035,103927754,41.19588065,6.056935191,6.056935191
1633452035,307577502,41.39953041,6.056935191,6.056935191
1633452035,411485057,41.50343776,6.056935191,6.056935191
1633452035,510507293,41.60246015,6.056935191,6.056935191
1633452035,609478426,41.70143127,6.056935191,6.056935191
1633452035,709343270,41.801296,6.056935191,6.056935191
1633452035,907256137,41.99920893,6.056935191,6.056935191
1633452036,6148182,42.0981009,6.056935191,6.056935191
1633452036,104600287,42.19655299,6.056935191,6.056935191
1633452036,204469334,42.29642224,6.056935191,6.056935191
1633452036,303206134,42.39515901,6.056935191,6.056935191
1633452036,611498865,42.70345163,6.056935191,6.056935191
1633452036,710474759,42.80242753,6.056935191,6.056935191
1633452037,7489206,43.09944201,6.056935191,6.056935191
1633452037,106221238,43.198174,6.056935191,6.056935191
1633452037,205170793,43.29712367,6.056935191,6.056935191
1633452037,402915408,43.49486828,6.056935191,6.056935191
1633452037,503553036,43.59550595,6.056935191,6.056935191
1633452037,612423464,43.70437622,6.056935191,6.056935191
1633452037,711400744,43.80335355,6.056935191,6.056935191
1633452037,810225970,43.90217876,6.056935191,6.056935191
1633452037,908760199,44.00071311,6.056935191,6.056935191
1633452038,8076017,44.10002875,6.056935191,6.056935191
1633452038,107065231,44.199018,6.056935191,6.056935191
1633452038,305265097,44.39721799,6.056935191,6.056935191
1633452038,602550468,44.69450331,6.056935191,6.056935191
1633452038,711974613,44.80392742,6.056935191,6.056935191
1633452038,810541193,44.90249395,6.056935191,6.056935191
1633452038,909709949,45.00166273,6.056935191,6.056935191
1633452039,9295567,45.10124826,6.056935191,6.056935191
1633452039,111669694,45.20362258,6.056935191,6.056935191
1633452039,207184159,45.29913688,6.056935191,6.056935191
1633452039,305911311,45.3978641,6.056935191,6.056935191
1633452039,404941510,45.49689436,6.056935191,6.056935191
1633452039,503811931,45.59576464,6.056935191,6.056935191
1633452039,603470427,45.69542313,6.056935191,6.056935191
1633452039,701727007,45.79367971,6.056935191,6.056935191
1633452039,812306513,45.9042592,6.056935191,6.056935191
1633452039,910620244,46.00257301,6.056935191,6.056935191
1633452040,9724051,46.10167694,6.056935191,6.056935191
1633452040,109218724,46.20117164,6.056935191,6.056935191
1633452040,207559039,46.29951191,6.056935191,6.056935191
1633452040,306884347,46.39883709,6.056935191,6.056935191
1633452040,406029615,46.4979825,6.056935191,6.056935191
1633452040,505271087,46.597224,6.056935191,6.056935191
1633452040,702893717,46.79484653,6.056935191,6.056935191
1633452040,802002116,46.89395499,6.056935191,6.056935191
1633452040,912798747,47.00475144,6.056935191,6.056935191
1633452041,10948449,47.10290122,6.056935191,6.056935191
1633452041,110187627,47.20214033,6.056935191,6.056935191
1633452041,209222015,47.30117488,6.056935191,6.056935191
1633452041,406618492,47.4985714,6.056935191,6.056935191
1633452041,505916781,47.59786963,6.056935191,6.056935191
1633452041,605410869,47.69736362,6.056935191,6.056935191
1633452041,704305244,47.79625797,6.056935191,6.056935191
1633452041,802843427,47.89479613,6.056935191,6.056935191
1633452041,902373308,47.99432611,6.056935191,6.056935191
1633452042,11527181,48.1034801,6.056935191,6.056935191
1633452042,111510411,48.20346332,6.056935191,6.056935191
1633452042,309000355,48.40095305,6.056935191,6.056935191
1633452042,507320435,48.5992732,6.056935191,6.056935191
1633452042,605912662,48.69786549,6.056935191,6.056935191
1633452042,705197669,48.79715037,6.056935191,6.056935191
1633452042,806735678,48.89868855,6.056935191,6.056935191
1633452042,903485299,48.9954381,6.056935191,6.056935191
1633452043,1648165,49.09360099,6.056935191,6.056935191
1633452043,112616923,49.20456982,6.056935191,6.056935191
1633452043,211490454,49.30344319,6.056935191,6.056935191
1633452043,310332462,49.40228534,6.056935191,6.056935191
1633452043,409166039,49.5011189,6.056935191,6.056935191
1633452043,607585457,49.69953823,6.056935191,6.056935191
1633452043,807545593,49.89949846,6.056935191,6.056935191
1633452044,2880493,50.09483337,6.056935191,6.056935191
1633452044,113409065,50.20536184,6.056935191,6.056935191
1633452044,212602254,50.30455494,6.056935191,6.056935191
1633452044,311223334,50.40317607,6.056935191,6.056935191
1633452044,509657874,50.60161066,6.056935191,6.056935191
1633452044,608260864,50.70021367,6.056935191,6.056935191
1633452044,706790432,50.79874325,6.056935191,6.056935191
1633452044,805707231,50.89766002,6.056935191,6.056935191
1633452044,905481869,50.99743462,6.056935191,6.056935191
1633452045,5676749,51.09762955,6.056935191,6.056935191
1633452045,114088537,51.20604134,6.056935191,6.056935191
1633452045,201577732,51.29353046,6.056935191,6.056935191
1633452045,322711267,51.41466403,6.056935191,6.056935191
1633452045,410827787,51.50278068,6.056935191,6.056935191
1633452045,509972342,51.60192513,6.056935191,6.056935191
1633452045,608709666,51.70066237,6.056935191,6.056935191
1633452045,807598106,51.89955091,6.056935191,6.056935191
1633452045,907008848,51.99896169,6.056935191,6.056935191
1633452046,4914977,52.0968678,6.056935191,6.056935191
1633452046,106290465,52.19824338,6.056935191,6.056935191
1633452046,202952839,52.29490566,6.056935191,6.056935191
1633452046,301824616,52.39377737,6.056935191,6.056935191
1633452046,412371366,52.5043242,6.056935191,6.056935191
1633452046,610236924,52.70218968,6.056935191,6.056935191
1633452046,709311046,52.80126381,6.056935191,6.056935191
1633452046,907396330,52.99934912,6.056935191,6.056935191
1633452047,105079663,53.19703245,6.056935191,6.056935191
1633452047,203882923,53.29583573,6.056935191,6.056935191
1633452047,512206858,53.60415959,6.056935191,6.056935191
1633452047,611329196,53.70328188,6.056935191,5.875227135
1633452047,710686842,53.80263972,6.056935191,5.027256208
1633452047,809321180,53.90127397,6.056935191,5.027256208
1633452047,908260405,54.00021315,6.056935191,5.027256208
1633452048,7416077,54.09936881,6.056935191,5.148394912
1633452048,205481429,54.29743433,6.056935191,6.056935191
1633452048,304634034,54.39658689,6.056935191,6.056935191
1633452048,402918983,54.49487185,6.056935191,6.056935191
1633452048,612611336,54.70456409,6.056935191,6.056935191
1633452048,711662066,54.80361485,6.056935191,6.056935191
1633452048,810290204,54.9022429,6.056935191,6.056935191
1633452049,8171325,55.10012412,6.056935191,6.056935191
1633452049,206053099,55.29800582,6.056935191,6.056935191
1633452049,305145867,55.39709878,6.056935191,6.056935191
1633452049,602055265,55.69400811,6.056935191,6.056935191
1633452049,811577870,55.9035306,6.056935191,6.056935191
1633452049,911593010,56.00354576,6.056935191,6.056935191
1633452050,9536152,56.10148907,6.056935191,6.056935191
1633452050,107981996,56.19993472,6.056935191,6.056935191
1633452050,206698598,56.29865146,6.056935191,6.056935191
1633452050,306082182,56.39803505,6.056935191,6.056935191
1633452050,404710108,56.49666286,6.056935191,6.056935191
1633452050,602901071,56.69485378,6.056935191,6.056935191
1633452050,702341747,56.7942946,6.056935191,6.056935191
1633452050,811917380,56.90387011,6.056935191,6.056935191
1633452050,911308321,57.00326109,6.056935191,6.056935191
1633452051,307641600,57.39959431,6.056935191,6.056935191
1633452051,505031025,57.59698391,6.056935191,6.056935191
1633452051,801851011,57.89380383,6.056935191,6.056935191
1633452051,912680183,58.00463295,6.056935191,6.056935191
1633452052,22477337,58.11443019,6.056935191,6.056935191
1633452052,110520739,58.20247364,6.056935191,6.056935191
1633452052,308605202,58.40055799,6.056935191,6.056935191
1633452052,407739094,58.49969196,6.056935191,6.056935191
1633452052,605396236,58.69734907,6.056935191,6.056935191
1633452052,704654262,58.79660702,6.056935191,6.056935191
1633452052,803401309,58.89535403,6.056935191,6.056935191
1633452052,913697250,59.00565004,6.056935191,6.056935191
1633452053,12622858,59.10457563,6.056935191,6.056935191
1633452053,111367260,59.20332003,6.056935191,6.056935191
1633452053,309989425,59.40194225,2.362204724,2.362204724
1633452053,509553162,59.60150599,0,0
1633452053,606026411,59.69797921,0,0
1633452053,903088433,59.99504113,6.056935191,1.57480315
1633452054,1897892,60.09385061,6.056935191,1.877649909
1633452054,112345005,60.20429778,6.056935191,1.938219261
1633452054,211582029,60.30353475,6.056935191,4.11871593
1633452054,607478626,60.69943142,6.056935191,6.056935191
1633452054,706230428,60.7981832,6.056935191,6.056935191
1633452055,3392031,61.09534478,6.056935191,6.056935191
1633452055,322631977,61.41458488,6.056935191,6.056935191
1633452055,412001897,61.50395465,6.056935191,6.056935191
1633452055,509512618,61.60146546,6.056935191,6.056935191
1633452055,707544857,61.7994976,5.572380376,6.056935191
1633452055,806093739,61.89804649,6.056935191,6.056935191
1633452055,904860639,61.99681354,6.056935191,6.056935191
1633452056,3921593,62.09587431,6.056935191,6.056935191
1633452056,103154696,62.19510746,6.056935191,6.056935191
1633452056,201780393,62.29373312,6.056935191,6.056935191
1633452056,312198578,62.40415144,6.056935191,6.056935191
1633452056,411596064,62.50354886,6.056935191,6.056935191
1633452056,510620647,62.60257339,6.056935191,6.056935191
1633452056,609089069,62.70104194,6.056935191,6.056935191
1633452056,708429043,62.8003819,6.056935191,6.056935191
1633452056,809224708,62.90117741,6.056935191,6.056935191
1633452056,906427809,62.99838066,6.056935191,6.056935191
1633452057,5511421,63.09746432,6.056935191,6.056935191
1633452057,203050100,63.29500294,6.056935191,6.056935191
1633452057,302406553,63.39435935,6.056935191,6.056935191
1633452057,412281435,63.50423431,6.056935191,6.056935191
1633452057,511395916,63.60334873,6.056935191,6.056935191
1633452057,708877978,63.80083084,6.056935191,6.056935191
1633452058,6014983,64.09796786,6.056935191,6.056935191
1633452058,105156768,64.19710946,6.056935191,6.056935191
1633452058,413684303,64.50563717,6.056935191,6.056935191
1633452058,512812150,64.60476494,6.056935191,6.056935191
1633452058,908436132,65.00038886,5.330102968,6.056935191
1633452059,106461050,65.19841385,6.056935191,6.056935191
1633452059,304091206,65.39604402,6.056935191,6.056935191
1633452059,502172472,65.59412527,6.056935191,6.056935191
1633452059,612452840,65.70440555,6.056935191,6.056935191
1633452059,711181729,65.80313444,6.056935191,6.056935191
1633452059,810406129,65.90235901,6.056935191,6.056935191
1633452059,909431846,66.00138474,6.056935191,6.056935191
1633452060,8399231,66.10035205,6.056935191,6.056935191
1633452060,107164636,66.19911742,6.056935191,6.056935191
1633452060,206635081,66.2985878,6.056935191,6.056935191
1633452060,305324784,66.39727759,6.056935191,6.056935191
1633452060,415196751,66.50714946,6.056935191,6.056935191
1633452060,503953465,66.59590626,6.056935191,6.056935191
1633452060,602378513,66.69433141,6.056935191,6.056935191
1633452060,711888291,66.80384111,6.056935191,6.056935191
1633452060,811127157,66.90307999,6.056935191,6.056935191
1633452060,910276923,67.00222969,6.056935191,6.056935191
1633452061,9069487,67.10102224,6.056935191,6.056935191
1633452061,108858424,67.20081115,6.056935191,6.056935191
1633452061,207591294,67.2995441,6.056935191,6.056935191
1633452061,404946122,67.49689889,6.056935191,6.056935191
1633452061,504236936,67.59618974,6.056935191,6.056935191
1633452061,603371456,67.69532418,6.056935191,6.056935191
1633452061,812583612,67.90453649,6.056935191,6.056935191
1633452062,109713281,68.20166612,6.056935191,6.056935191
1633452062,208819128,68.30077195,5.572380376,6.056935191
1633452062,307157498,68.39911032,5.511811024,6.056935191
1633452062,406397651,68.49835038,5.511811024,6.056935191
1633452062,504881208,68.59683394,5.511811024,6.056935191
1633452062,604006336,68.69595909,6.056935191,6.056935191
1633452062,703644705,68.79559755,6.056935191,6.056935191
1633452062,813045772,68.90499854,6.056935191,6.056935191
1633452062,923486959,69.01543975,6.056935191,6.056935191
1633452063,10951707,69.10290456,6.056935191,6.056935191
1633452063,110507823,69.20246053,6.056935191,6.056935191
1633452063,209191552,69.30114436,6.056935191,6.056935191
1633452063,407703433,69.4996562,6.056935191,6.056935191
1633452063,704204952,69.79615784,6.056935191,6.056935191
1633452063,802944785,69.8948977,6.056935191,6.056935191
1633452063,901964543,69.99391723,6.056935191,6.056935191
1633452064,12292274,70.10424519,6.056935191,6.056935191
1633452064,210271600,70.3022244,6.056935191,6.056935191
1633452064,310000137,70.40195298,6.056935191,6.056935191
1633452064,507329135,70.59928203,6.056935191,6.056935191
1633452064,605969773,70.69792247,6.056935191,6.056935191
1633452065,211269682,71.30322242,3.573591763,6.056935191
1633452065,409871546,71.50182438,4.239854634,6.056935191
1633452065,508961088,71.600914,4.239854634,6.056935191
1633452065,706540430,71.79849315,4.966686856,6.056935191
1633452065,805145520,71.8970983,4.966686856,6.056935191
1633452065,904118575,71.99607134,4.966686856,6.056935191
1633452066,3697244,72.09564996,5.148394912,6.056935191
1633452066,103001108,72.19495392,5.693519079,6.056935191
1633452066,212227868,72.30418062,6.056935191,6.056935191
1633452066,311066686,72.40301943,6.056935191,6.056935191
1633452066,509407297,72.60136008,6.056935191,6.056935191
1633452066,608321721,72.70027447,6.056935191,6.056935191
1633452066,806362054,72.89831495,6.056935191,6.056935191
1633452066,905206031,72.99715877,6.056935191,6.056935191
1633452067,4106782,73.09605956,6.056935191,6.056935191
1633452067,103531734,73.19548464,6.056935191,6.056935191
1633452067,203012159,73.29496503,6.056935191,6.056935191
1633452067,312613319,73.40456605,6.056935191,6.056935191
1633452067,411730061,73.50368285,5.693519079,6.056935191
1633452067,510513803,73.60246658,5.572380376,6.056935191
1633452067,620250633,73.7122035,5.572380376,6.056935191
1633452067,906179454,73.99813223,5.572380376,6.056935191
1633452068,5148909,74.09710169,5.572380376,6.056935191
1633452068,203890876,74.2958436,5.572380376,6.056935191
1633452068,301985865,74.39393878,5.572380376,6.056935191
1633452068,412707916,74.50466061,5.572380376,6.056935191
1633452068,511476310,74.60342908,5.572380376,6.056935191
1633452068,610041104,74.70199394,5.572380376,6.056935191
1633452068,709678113,74.80163097,5.572380376,6.056935191
1633452068,808058458,74.9000113,5.39067232,6.056935191
1633452068,907806214,74.99975896,5.39067232,6.056935191
1633452069,6114816,75.09806752,5.39067232,6.056935191
1633452069,105241031,75.19719386,5.330102968,6.056935191
1633452069,205524300,75.29747701,5.330102968,6.056935191
1633452069,303423999,75.39537668,5.39067232,6.056935191
1633452069,402902321,75.49485517,5.39067232,6.056935191
1633452069,512645280,75.60459805,5.330102968,6.056935191
1633452069,611976786,75.70392966,4.966686856,6.056935191
1633452069,710326783,75.80227947,5.208964264,6.056935191
1633452069,809122000,75.90107489,4.603270745,6.056935191
1633452069,908152357,76.00010514,4.482132041,5.996365839
1633452070,7468227,76.09942102,4.239854634,6.056935191
1633452070,106326757,76.19827962,4.845548153,6.056935191
1633452070,304785945,76.39673877,4.300423985,6.056935191
1633452070,403656798,76.49560952,4.360993337,6.056935191
1633452070,711585965,76.8035388,4.784978801,6.056935191
1633452071,9118568,77.10107136,5.39067232,6.056935191
1633452071,109516013,77.20146871,5.693519079,6.056935191
1633452071,206745977,77.29869866,6.056935191,6.056935191
1633452071,404436257,77.49638915,6.056935191,6.056935191
1633452071,503827103,77.5957799,6.056935191,6.056935191
1633452071,602133758,77.69408655,6.056935191,5.693519079
1633452071,712135305,77.80408812,6.056935191,4.179285282
1633452071,811221116,77.90317392,6.056935191,4.179285282
1633452071,910477416,78.0024302,6.056935191,4.179285282
1633452072,207933679,78.29988647,6.056935191,6.056935191
1633452072,306160345,78.39811325,6.056935191,6.056935191
1633452072,405171708,78.49712443,6.056935191,6.056935191
1633452072,509300501,78.60125327,6.056935191,6.056935191
1633452072,603977144,78.69593,6.056935191,6.056935191
1633452072,702132925,78.79408574,6.056935191,6.056935191
1633452072,911860594,79.00381351,6.056935191,6.056935191
1633452073,109993853,79.20194674,6.056935191,6.056935191
1633452073,209074992,79.30102777,6.056935191,6.056935191
1633452073,307167406,79.39912009,5.39067232,6.056935191
1633452073,505759370,79.59771228,5.148394912,6.056935191
1633452073,802228597,79.89418149,6.056935191,6.056935191
1633452073,912211304,80.00416422,6.056935191,6.056935191
1633452074,110754927,80.20270777,6.056935191,6.056935191
1633452074,210019404,80.30197215,6.056935191,6.056935191
1633452074,315844173,80.40779686,5.996365839,6.056935191
1633452074,517697274,80.60965014,5.572380376,6.056935191
1633452074,605940477,80.69789338,5.572380376,6.056935191
1633452074,704196733,80.79614949,5.572380376,6.056935191
1633452074,902965277,80.99491811,6.056935191,6.056935191
1633452075,12573458,81.10452628,6.056935191,6.056935191
1633452075,111163953,81.20311666,6.056935191,6.056935191
1633452075,210865638,81.30281854,6.056935191,6.056935191
1633452075,311567532,81.40352035,6.056935191,6.056935191
1633452075,408485973,81.50043869,6.056935191,6.056935191
1633452075,507260849,81.5992136,6.056935191,6.056935191
1633452075,606652402,81.6986053,6.056935191,6.056935191
1633452075,804184712,81.89613748,6.056935191,6.056935191
1633452075,903038072,81.99499083,6.056935191,6.056935191
1633452076,2106993,82.09405971,6.056935191,6.056935191
1633452076,222022520,82.31397533,6.056935191,6.056935191
1633452076,310056021,82.40200877,6.056935191,6.056935191
1633452076,410167542,82.50212026,6.056935191,6.056935191
1633452076,607521707,82.69947457,6.056935191,6.056935191
1633452076,711489069,82.80344176,6.056935191,6.056935191
1633452076,805749799,82.89770269,6.056935191,6.056935191
1633452076,904422672,82.99637556,6.056935191,6.056935191
1633452077,3328040,83.09528089,6.056935191,6.056935191
1633452077,102930579,83.19488335,6.056935191,6.056935191
1633452077,212794661,83.30474734,6.056935191,6.056935191
1633452077,322895632,83.41484833,6.056935191,6.056935191
1633452077,410516766,83.50246954,6.056935191,6.056935191
1633452077,509482050,83.60143495,6.056935191,6.056935191
1633452077,608272441,83.70022535,6.056935191,6.056935191
1633452077,806701679,83.89865446,6.056935191,6.056935191
1633452077,905203362,83.99715614,6.056935191,6.056935191
1633452078,4047362,84.09600019,6.056935191,6.056935191
1633452078,103331781,84.19528461,6.056935191,6.056935191
1633452078,213943785,84.30589652,6.056935191,6.056935191
1633452078,312214886,84.40416765,6.056935191,6.056935191
1633452078,411272375,84.50322509,6.056935191,6.056935191
1633452078,510235101,84.60218787,6.056935191,6.056935191
1633452078,609491627,84.70144439,6.056935191,6.056935191
1633452078,708997686,84.80095053,6.056935191,6.056935191
1633452078,807885436,84.89983821,6.056935191,6.056935191
1633452078,906905687,84.99885845,6.056935191,6.056935191
1633452079,6029081,85.09798193,6.056935191,6.056935191
1633452079,104256165,85.19620895,6.056935191,6.056935191
1633452079,204021273,85.29597402,6.056935191,6.056935191
1633452079,302921946,85.39487481,6.056935191,6.056935191
1633452079,610842083,85.70279479,6.056935191,6.056935191
1633452079,720082890,85.8120358,6.056935191,6.056935191
1633452079,808965888,85.90091872,6.056935191,6.056935191
1633452080,6405755,86.09835863,6.056935191,6.056935191
1633452080,105447305,86.19740009,6.056935191,6.056935191
1633452080,204452565,86.29640532,6.056935191,6.056935191
1633452080,303960883,86.3959136,6.056935191,6.056935191
1633452080,402212878,86.49416566,6.056935191,6.056935191
1633452080,611969409,86.70392227,6.056935191,6.056935191
1633452080,710294992,86.80224776,6.056935191,6.056935191
1633452080,809809835,86.90176272,6.056935191,6.056935191
1633452080,909121640,87.00107455,6.056935191,6.056935191
1633452081,7455325,87.09940815,6.056935191,6.056935191
1633452081,106866677,87.1988194,6.056935191,6.056935191
1633452081,205388596,87.29734135,6.056935191,6.056935191
1633452081,403598401,87.49555111,6.056935191,6.056935191
1633452081,502314249,87.59426713,6.056935191,6.056935191
1633452081,613080185,87.70503306,6.056935191,6.056935191
1633452081,711765844,87.80371857,6.056935191,6.056935191
1633452081,810611689,87.90256453,6.056935191,6.056935191
1633452081,909476556,88.00142932,6.056935191,6.056935191
1633452082,8825826,88.10077858,6.056935191,6.056935191
1633452082,107926431,88.19987917,6.056935191,6.056935191
1633452082,217294242,88.30924702,6.056935191,6.056935191
1633452082,404180138,88.49613285,6.056935191,6.056935191
1633452082,514214688,88.60616755,6.056935191,6.056935191
1633452082,602222967,88.69417572,6.056935191,6.056935191
1633452082,712670219,88.80462313,6.056935191,6.056935191
1633452082,811286667,88.90323949,6.056935191,6.056935191
1633452082,910268158,89.00222087,6.056935191,6.056935191
1633452083,9598629,89.10155153,6.056935191,6.056935191
1633452083,108302572,89.20025539,6.056935191,6.056935191
1633452083,207636501,89.2995894,6.056935191,6.056935191
1633452083,306978398,89.39893126,6.056935191,6.056935191
1633452083,416842747,89.5087955,6.056935191,6.056935191
1633452083,504903691,89.59685659,6.056935191,6.056935191
1633452083,604143418,89.69609618,6.056935191,6.056935191
1633452083,702732719,89.7946856,6.056935191,6.056935191
1633452083,812237082,89.90418983,6.056935191,6.056935191
1633452083,911398277,90.00335097,6.056935191,6.056935191
1633452084,109462328,90.20141506,6.056935191,6.056935191
1633452084,208518773,90.30047154,6.056935191,6.056935191
1633452084,318855083,90.41080785,6.056935191,6.056935191
1633452084,505633116,90.59758592,6.056935191,6.056935191
1633452084,604399490,90.69635224,6.056935191,6.056935191
1633452084,703288880,90.79524159,6.056935191,6.056935191
1633452084,802218100,90.894171,4.966686856,6.056935191
1633452085,22959593,91.11491251,4.845548153,6.056935191
1633452085,210047057,91.30199981,5.027256208,6.056935191
1633452085,308747399,91.40070009,5.208964264,6.056935191
1633452085,407906037,91.49985886,5.208964264,6.056935191
1633452085,506641417,91.59859419,5.208964264,6.056935191
1633452085,605722771,91.69767547,4.845548153,6.056935191
1633452085,705116066,91.79706883,4.360993337,6.056935191
1633452085,803520883,91.89547372,4.239854634,6.056935191
1633452085,902700149,91.99465299,4.179285282,6.056935191
1633452086,12722793,92.10467553,4.179285282,6.056935191
1633452086,210203268,92.30215597,4.542701393,6.056935191
1633452086,309243843,92.40119672,4.542701393,6.056935191
1633452086,408869434,92.50082231,4.542701393,6.056935191
1633452086,511606011,92.60355878,4.300423985,6.056935191
1633452086,606235334,92.69818807,4.300423985,6.056935191
1633452086,705365120,92.79731798,4.300423985,6.056935191
1633452086,804958529,92.89691138,4.300423985,6.056935191
1633452086,907627720,92.99958062,4.300423985,6.056935191
1633452087,2593706,93.09454656,4.300423985,6.056935191
1633452087,310209373,93.40216208,5.027256208,6.056935191
1633452087,410755254,93.50270796,5.208964264,6.056935191
1633452087,508227377,93.60018015,6.056935191,6.056935191
1633452087,608312919,93.70026565,6.056935191,6.056935191
1633452087,805216537,93.89716935,5.814657783,6.056935191
1633452087,905158337,93.99711108,4.966686856,6.056935191
1633452088,224150658,94.31610346,4.482132041,5.996365839
1633452088,311495344,94.4034481,4.360993337,6.056935191
1633452088,608552530,94.70050526,3.391883707,6.056935191
1633452088,707309566,94.79926229,3.210175651,6.056935191
1633452088,806890973,94.89884377,3.876438522,6.056935191
1633452088,905430235,94.99738312,4.724409449,6.056935191
1633452089,5202418,95.09715533,4.724409449,6.056935191
1633452089,104022171,95.19597507,4.966686856,6.056935191
1633452089,203997667,95.29595041,5.027256208,6.056935191
1633452089,411866288,95.50381899,5.027256208,6.056935191
1633452089,510490200,95.60244298,5.027256208,6.056935191
1633452089,709461918,95.80141473,4.784978801,6.056935191
1633452089,807772838,95.89972568,4.784978801,6.056935191
1633452090,104232659,96.19618535,4.784978801,6.056935191
1633452090,205619895,96.29757261,4.784978801,6.056935191
1633452090,303150037,96.39510274,4.784978801,6.056935191
1633452090,412886340,96.50483918,4.603270745,6.056935191
1633452090,511717760,96.6036706,4.482132041,5.996365839
1633452090,610493558,96.70244646,4.482132041,5.996365839
1633452090,710215964,96.80216885,4.482132041,5.996365839
1633452090,808305523,96.9002583,4.482132041,5.996365839
1633452090,908180472,97.00013328,4.482132041,5.996365839
1633452091,6849863,97.09880257,4.482132041,5.996365839
1633452091,205211761,97.29716468,4.360993337,6.056935191
1633452091,303965004,97.39591789,4.360993337,6.056935191
1633452091,403998674,97.49595141,4.360993337,6.056935191
1633452091,512522694,97.6044755,4.360993337,6.056935191
1633452091,710458252,97.80241108,4.482132041,5.996365839
1633452091,809392594,97.90134549,4.482132041,5.996365839
1633452091,908461792,98.00041461,4.179285282,6.056935191
1633452092,7673325,98.09962606,4.724409449,6.056935191
1633452092,107004805,98.19895768,4.724409449,6.056935191
1633452092,206762653,98.29871535,4.724409449,6.056935191
1633452092,304755893,98.39670873,4.724409449,6.056935191
1633452092,403368047,98.4953208,4.724409449,6.056935191
1633452092,513875504,98.60582829,4.724409449,6.056935191
1633452092,612667549,98.70462036,4.724409449,6.056935191
1633452092,712065015,98.80401778,4.542701393,6.056935191
1633452092,810278150,98.90223098,5.148394912,6.056935191
1633452092,911582879,99.00353575,6.056935191,6.056935191
1633452093,9165943,99.1011188,6.056935191,6.056935191
1633452093,108265567,99.20021844,6.056935191,6.056935191
1633452093,207224914,99.29917765,6.056935191,6.056935191
1633452093,306705440,99.39865828,6.056935191,6.056935191
1633452093,613880077,99.70583296,6.056935191,6.056935191
1633452093,712662317,99.80461502,6.056935191,6.056935191
1633452093,811526128,99.90347886,5.39067232,6.056935191
1633452093,915595762,100.0075486,5.208964264,6.056935191
1633452094,10037895,100.1019907,4.482132041,5.996365839
1633452094,406010415,100.4979632,6.056935191,6.056935191
1633452094,504494759,100.5964475,6.056935191,6.056935191
1633452094,604139658,100.6960924,6.056935191,6.056935191
1633452094,813134143,100.905087,6.056935191,6.056935191
1633452094,911680508,101.0036333,6.056935191,6.056935191
1633452095,110195722,101.2021484,6.056935191,6.056935191
1633452095,307425723,101.3993785,4.845548153,6.056935191
1633452095,408559416,101.5005121,4.966686856,6.056935191
1633452095,505605245,101.597558,5.027256208,6.056935191
1633452095,604380927,101.6963336,5.027256208,6.056935191
1633452095,802373784,101.8943267,5.814657783,6.056935191
1633452095,924215668,102.0161684,6.056935191,6.056935191
1633452096,11618446,102.1035712,6.056935191,6.056935191
1633452096,110950982,102.2029037,6.056935191,6.056935191
1633452096,210168304,102.3021212,6.056935191,6.056935191
1633452096,309335020,102.4012878,6.056935191,6.056935191
1633452096,507167644,102.5991204,4.966686856,6.056935191
1633452096,608754790,102.7007077,4.845548153,6.056935191
1633452096,804184341,102.8961372,5.996365839,6.056935191
1633452096,903476763,102.9954295,5.996365839,6.056935191
1633452097,12824221,103.1047771,5.996365839,6.056935191
1633452097,112013836,103.2039666,5.996365839,6.056935191
1633452097,210627398,103.3025801,5.996365839,6.056935191
1633452097,309431661,103.4013844,5.996365839,6.056935191
1633452097,408603833,103.5005567,5.996365839,6.056935191
1633452097,507779182,103.5997319,5.996365839,6.056935191
1633452097,606422616,103.6983755,5.39067232,6.056935191
1633452097,706257371,103.7982101,5.330102968,6.056935191
1633452097,804997181,103.89695,5.330102968,6.056935191
1633452097,903497314,103.99545,5.208964264,6.056935191
1633452098,3725832,104.0956786,5.330102968,6.056935191
1633452098,114799598,104.2067523,5.330102968,6.056935191
1633452098,211658241,104.303611,5.814657783,6.056935191
1633452098,410255603,104.5022085,5.814657783,6.056935191
1633452098,607899496,104.6998522,5.572380376,6.056935191
1633452098,706688054,104.798641,5.572380376,6.056935191
1633452098,805725979,104.8976789,5.572380376,6.056935191
1633452099,4181451,105.0961342,5.39067232,6.056935191
1633452099,213332046,105.3052847,5.39067232,6.056935191
1633452099,312853596,105.4048064,5.39067232,6.056935191
1633452099,411527124,105.50348,5.511811024,6.056935191
1633452099,509364422,105.6013172,5.511811024,6.056935191
1633452099,620315719,105.7122686,5.511811024,6.056935191
1633452099,708232786,105.8001857,5.511811024,6.056935191
1633452099,905529046,105.9974818,5.511811024,6.056935191
1633452100,5155579,106.0971084,6.056935191,6.056935191
1633452100,302039536,106.3939924,6.056935191,6.056935191
1633452100,411376004,106.5033288,6.056935191,6.056935191
1633452100,510408080,106.602361,6.056935191,6.056935191
1633452100,610843657,106.7027965,6.056935191,6.056935191
1633452100,711850105,106.803803,6.056935191,6.056935191
1633452100,807383976,106.8993368,6.056935191,6.056935191
1633452100,906645543,106.9985983,6.056935191,6.056935191
1633452101,5404734,107.0973575,6.056935191,6.056935191
1633452101,214360337,107.306313,6.056935191,6.056935191
1633452101,303016912,107.3949697,6.056935191,6.056935191
1633452101,401833917,107.4937868,6.056935191,6.056935191
1633452101,512106387,107.6040592,6.056935191,6.056935191
1633452101,711665482,107.8036182,6.056935191,6.056935191
1633452101,809128158,107.9010808,6.056935191,6.056935191
1633452101,908235773,108.0001886,6.056935191,6.056935191
1633452102,7361814,108.0993147,6.056935191,6.056935191
1633452102,106160503,108.1981132,6.056935191,6.056935191
1633452102,303769731,108.3957226,6.056935191,6.056935191
1633452102,402610276,108.4945631,6.056935191,6.056935191
1633452102,513394376,108.6053472,6.056935191,6.056935191
1633452102,613406086,108.705359,6.056935191,6.056935191
1633452102,909205235,109.001158,6.056935191,6.056935191
1633452103,107305296,109.1992581,6.056935191,6.056935191
1633452103,206394063,109.2983468,6.056935191,6.056935191
1633452103,305282114,109.3972349,6.056935191,6.056935191
1633452103,503245779,109.5951986,6.056935191,6.056935191
1633452103,612743638,109.7046964,6.056935191,6.056935191
1633452103,715815076,109.8077679,6.056935191,6.056935191
1633452104,8705895,110.1006587,6.056935191,6.056935191
1633452104,107679123,110.1996319,6.056935191,6.056935191
1633452104,207294203,110.299247,6.056935191,6.056935191
1633452104,305965405,110.3979182,6.056935191,6.056935191
1633452104,415723699,110.5076766,6.056935191,6.056935191
1633452104,602607419,110.6945603,6.056935191,6.056935191
1633452104,701772200,110.793725,6.056935191,6.056935191
1633452104,811871591,110.9038243,6.056935191,6.056935191
1633452104,910704573,111.0026574,6.056935191,6.056935191
1633452105,10414134,111.1023669,6.056935191,6.056935191
1633452105,109245556,111.2011983,6.056935191,6.056935191
1633452105,208014369,111.2999671,6.056935191,6.056935191
1633452105,603743615,111.6956964,6.056935191,6.056935191
1633452105,703307546,111.7952604,6.056935191,6.056935191
1633452106,11174816,112.1031277,6.056935191,6.056935191
1633452106,109644856,112.2015977,6.056935191,6.056935191
1633452106,308267894,112.4002206,6.056935191,6.056935191
1633452106,506267464,112.5982203,6.056935191,6.056935191
1633452106,605390054,112.6973429,6.056935191,6.056935191
1633452106,704361591,112.7963145,6.056935191,6.056935191
1633452107,11498591,113.1034515,6.056935191,6.056935191
1633452107,210016414,113.3019693,6.056935191,6.056935191
1633452107,605829915,113.6977828,6.056935191,6.056935191
1633452107,903941281,113.9958942,6.056935191,6.056935191
1633452108,1877156,114.0938299,6.056935191,6.056935191
1633452108,211045565,114.3029983,6.056935191,6.056935191
1633452108,409185969,114.5011387,6.056935191,6.056935191
1633452108,903961922,114.9959147,6.056935191,6.056935191
1633452109,2835781,115.0947886,6.056935191,6.056935191
1633452109,522575538,115.6145284,6.056935191,6.056935191
1633452110,102832496,116.1947854,6.056935191,6.056935191
1633452110,201691087,116.293644,6.056935191,6.056935191
1633452110,609037034,116.7009897,6.056935191,6.056935191
1633452110,708768389,116.8007212,6.056935191,6.056935191
1633452110,806996681,116.8989494,6.056935191,6.056935191
1633452111,4682061,117.0966349,6.056935191,6.056935191
1633452111,611062660,117.7030156,6.056935191,6.056935191
1633452111,809082500,117.9010353,6.056935191,6.056935191
1633452112,6986821,118.0989397,6.056935191,6.056935191
1633452112,204828100,118.2967808,6.056935191,6.056935191
1633452112,402824544,118.4947774,6.056935191,6.056935191
1633452113,8254179,119.1002071,6.056935191,5.875227135
1633452113,305176958,119.3971298,6.056935191,5.027256208
1633452113,601639112,119.6935918,6.056935191,6.056935191
1633452113,712463493,119.8044162,6.056935191,6.056935191
1633452114,108379239,120.2003319,6.056935191,6.056935191
1633452114,206952900,120.2989056,6.056935191,6.056935191
1633452114,404756936,120.4967098,6.056935191,6.056935191
1633452114,602729607,120.6946824,6.056935191,6.056935191
1633452114,812327945,120.9042807,6.056935191,6.056935191
1633452115,208064346,121.3000171,6.056935191,6.056935191
1633452118,409208133,124.5011609,2.665051484,6.056935191
1633452119,212320121,125.3042729,6.056935191,6.056935191
1633452120,202637304,126.29459,6.056935191,6.056935191
1633452121,202748542,127.2947013,6.056935191,6.056935191
1633452122,710575755,128.8025286,5.693519079,6.056935191
1633452123,810120829,129.9020736,5.330102968,6.056935191
1633452124,403766752,130.4957197,4.966686856,6.056935191
1633452125,503724858,131.5956776,6.056935191,6.056935191
1633452129,112512714,135.2044656,6.056935191,6.056935191
1633452130,805804357,136.8977571,6.056935191,6.056935191
1633452134,612315520,140.7042682,5.027256208,6.056935191
1633452135,107026733,141.1989796,6.056935191,6.056935191
1633452136,108497904,142.2004507,5.875227135,6.056935191
1633452137,504925415,143.5968783,6.056935191,6.056935191
1633452138,308284952,144.4002378,6.056935191,6.056935191
1633452138,704163867,144.7961166,6.056935191,6.056935191
1633452139,903096584,145.9950495,4.239854634,4.239854634
1633452141,509028854,147.6009817,0,0
1633452145,6977325,151.0989301,0,0
1633452147,9086264,153.1010392,0,0
1633452147,108883261,153.2008359,0,0
1633452147,207123560,153.2990763,0,0
1633452147,306088432,153.3980412,0,0
