Sec,NanoSec,Sec_total,a_x,a_y,a_z,w_x,w_y,w_z
1.63E+09,4.29E+08,1.63E+09,-9.9514,2.3738,-9.7828,0.0016808,0.54303,-0.0050171
1.63E+09,5.29E+08,1.63E+09,-9.9388,2.3583,-10.291,-0.00030563,0.54216,-0.0086596
1.63E+09,6.29E+08,1.63E+09,-9.8917,2.3652,-10.822,0.0012608,0.54782,-0.007584
1.63E+09,7.29E+08,1.63E+09,-9.8407,2.3586,-11.19,0.00083457,0.55223,-0.00022332
1.63E+09,8.29E+08,1.63E+09,-9.7557,2.3646,-11.714,0.0029292,0.54945,-0.0045641
1.63E+09,9.29E+08,1.63E+09,-9.6684,2.3504,-12.078,0.00086041,0.54064,-0.00097786
1.63E+09,2.93E+07,1.63E+09,-9.5391,2.3608,-12.573,0.00071745,0.53916,-0.0039198
1.63E+09,1.29E+08,1.63E+09,-9.3678,2.3542,-13.083,-0.0025862,0.54186,-0.0034405
1.63E+09,2.29E+08,1.63E+09,-9.2262,2.3617,-13.455,-0.0017964,0.54059,-0.0029641
1.63E+09,3.29E+08,1.63E+09,-9.0192,2.3601,-13.946,0.0043592,0.54403,-0.0037563
1.63E+09,4.29E+08,1.63E+09,-8.8474,2.3496,-14.283,0.0027745,0.5481,-0.0053735
1.63E+09,5.30E+08,1.63E+09,-8.5993,2.3611,-14.716,0.0011918,0.54966,1.63E-05
1.63E+09,6.30E+08,1.63E+09,-8.3097,2.3437,-15.172,0.00068588,0.54225,-0.0021324
1.63E+09,7.30E+08,1.63E+09,-8.0816,2.3713,-15.477,0.0055615,0.5406,-0.0085836
1.63E+09,8.30E+08,1.63E+09,-7.7678,2.3637,-15.898,0.0016061,0.54595,-0.0018048
1.63E+09,9.30E+08,1.63E+09,-7.5023,2.3763,-16.194,0.0016431,0.53498,-0.0067259
1.63E+09,2.98E+07,1.63E+09,-7.1396,2.3712,-16.556,0.0021325,0.54796,-0.0039329
1.63E+09,1.30E+08,1.63E+09,-6.7647,2.3727,-16.945,-0.00080519,0.54944,-0.0017194
1.63E+09,2.30E+08,1.63E+09,-6.4531,2.3867,-17.193,-0.00014036,0.55442,-0.0031261
1.63E+09,3.30E+08,1.63E+09,-6.0365,2.3734,-17.52,0.0012838,0.54434,-0.0019958
1.63E+09,4.30E+08,1.63E+09,-5.7018,2.4127,-17.763,0.0051664,0.54822,-0.0064357
1.63E+09,5.30E+08,1.63E+09,-5.2586,2.3988,-18.032,0.0011112,0.54237,-0.0032288
1.63E+09,6.30E+08,1.63E+09,-4.8066,2.3971,-18.301,0.003605,0.54212,-0.0030568
1.63E+09,7.30E+08,1.63E+09,-4.4081,2.4269,-18.483,0.0028788,0.53779,-0.0017374
1.63E+09,8.30E+08,1.63E+09,-3.9274,2.4247,-18.693,0.00046213,0.54497,-0.0040371
1.63E+09,9.30E+08,1.63E+09,-3.5004,2.452,-18.852,0.0022169,0.55086,-0.0034915
1.63E+09,3.03E+07,1.63E+09,-3.012,2.4517,-19.023,-0.00039122,0.55014,-0.0057871
1.63E+09,1.30E+08,1.63E+09,-2.4861,2.453,-19.144,-0.00021382,0.54986,-0.0046551
1.63E+09,2.30E+08,1.63E+09,-2.0467,2.48,-19.236,0.0030167,0.5434,-0.0033477
1.63E+09,3.30E+08,1.63E+09,-1.5386,2.4594,-19.289,-1.27E-05,0.54574,-0.00098295
1.63E+09,4.30E+08,1.63E+09,-1.0281,2.5393,-19.313,0.0036076,0.5395,-0.0040621
1.63E+09,5.31E+08,1.63E+09,-0.48978,2.4741,-19.384,0.0018098,0.54206,-0.0061211
1.63E+09,6.31E+08,1.63E+09,0.015051,2.5209,-19.352,0.0027556,0.54524,-0.0024709
1.63E+09,7.31E+08,1.63E+09,0.53538,2.5272,-19.348,0.00056394,0.55246,-0.0049696
1.63E+09,8.31E+08,1.63E+09,1.0392,2.5365,-19.256,0.0013595,0.54527,-0.0070437
1.63E+09,9.31E+08,1.63E+09,1.5777,2.5681,-19.155,0.0024485,0.54346,-0.0037513
1.63E+09,3.08E+07,1.63E+09,2.0829,2.5813,-19.048,0.00077852,0.5465,-0.0031968
1.63E+09,1.31E+08,1.63E+09,2.5769,2.5762,-18.901,0.00053932,0.54327,-0.0056236
1.63E+09,2.31E+08,1.63E+09,3.0955,2.6012,-18.721,0.0023804,0.54622,-0.0025426
1.63E+09,3.31E+08,1.63E+09,3.5714,2.6098,-18.506,-0.00095704,0.54116,-0.0023243
1.63E+09,4.31E+08,1.63E+09,4.0987,2.6237,-18.243,0.002173,0.54599,0.00035996
1.63E+09,5.31E+08,1.63E+09,4.5525,2.6439,-18.009,0.0037742,0.55167,-0.002773
1.63E+09,6.31E+08,1.63E+09,4.98,2.6366,-17.704,0.0029375,0.5476,-0.0039386
1.63E+09,7.31E+08,1.63E+09,5.4501,2.6648,-17.363,0.0023322,0.5382,-0.0053253
1.63E+09,8.31E+08,1.63E+09,5.854,2.6688,-17.066,0.00020161,0.54334,-0.0015468
1.63E+09,9.31E+08,1.63E+09,6.2973,2.6915,-16.629,0.00069441,0.53839,-0.0050691
1.63E+09,3.13E+07,1.63E+09,6.6548,2.6982,-16.26,0.00078034,0.54131,-0.0027082
1.63E+09,1.31E+08,1.63E+09,7.005,2.7044,-15.869,0.00031386,0.5517,-0.0077768
1.63E+09,2.31E+08,1.63E+09,7.3661,2.7207,-15.383,0.0030496,0.55389,-0.0027363
1.63E+09,3.31E+08,1.63E+09,7.6518,2.7266,-14.945,0.0019801,0.54901,-0.00441
1.63E+09,4.32E+08,1.63E+09,7.9761,2.7427,-14.433,0.0032212,0.55066,-0.0056679
1.63E+09,5.32E+08,1.63E+09,8.2143,2.752,-13.962,-0.00074429,0.54082,-0.0035318
1.63E+09,6.32E+08,1.63E+09,8.4243,2.7563,-13.487,0.00029857,0.5405,-0.0013976
1.63E+09,7.32E+08,1.63E+09,8.642,2.7689,-12.91,0.00072034,0.54232,-0.0013547
1.63E+09,8.32E+08,1.63E+09,8.7963,2.7724,-12.41,0.0010264,0.54274,-0.0070924
1.63E+09,9.32E+08,1.63E+09,8.9488,2.7891,-11.825,-0.0014464,0.54795,-0.0036909
1.63E+09,3.18E+07,1.63E+09,9.0435,2.7875,-11.305,0.0021945,0.54709,-0.0033104
1.63E+09,1.32E+08,1.63E+09,9.1145,2.7913,-10.807,0.0034492,0.53958,-0.0039181
1.63E+09,2.32E+08,1.63E+09,9.1598,2.8024,-10.162,0.0019169,0.54753,-0.0059926
1.63E+09,3.32E+08,1.63E+09,9.1616,2.8066,-9.6524,-0.00093369,0.54334,-0.0034479
1.63E+09,4.32E+08,1.63E+09,9.1332,2.8108,-9.0173,-0.0014551,0.54298,-0.0059962
1.63E+09,5.32E+08,1.63E+09,9.0718,2.8024,-8.5139,-0.0011388,0.54428,-0.0028967
1.63E+09,6.32E+08,1.63E+09,8.9839,2.817,-7.9874,-0.00019166,0.53802,0.0010746
1.63E+09,7.32E+08,1.63E+09,8.8485,2.8061,-7.3811,0.0014215,0.54784,-0.0037776
1.63E+09,8.32E+08,1.63E+09,8.703,2.8176,-6.9098,0.0049277,0.5479,-0.0033791
1.63E+09,9.32E+08,1.63E+09,8.4995,2.8057,-6.3032,0.0025922,0.54823,-0.0011338
1.63E+09,3.24E+07,1.63E+09,8.3005,2.8079,-5.8399,-0.0012902,0.54843,-0.0015356
1.63E+09,1.32E+08,1.63E+09,8.0646,2.8015,-5.3642,0.0032133,0.5417,-0.0021479
1.63E+09,2.32E+08,1.63E+09,7.7701,2.7984,-4.85,0.002234,0.54354,-0.0051054
1.63E+09,3.33E+08,1.63E+09,7.4872,2.7981,-4.4054,0.0017061,0.54469,-0.0041383
1.63E+09,4.33E+08,1.63E+09,7.1307,2.7861,-3.9337,0.0025861,0.54604,-0.0036716
1.63E+09,5.33E+08,1.63E+09,6.772,1.5395,-3.1247,0.057058,0.55217,-0.031923
1.63E+09,6.33E+08,1.63E+09,6.3754,-0.37218,-4.0354,0.13166,0.55925,-0.082402
1.63E+09,7.33E+08,1.63E+09,8.3864,1.3662,-3.2868,-0.055727,0.55551,-0.42833
1.63E+09,8.33E+08,1.63E+09,4.6142,0.64991,-2.891,0.0086137,0.56442,-0.61401
1.63E+09,9.33E+08,1.63E+09,6.4568,5.1814,-2.2318,-0.046389,0.55637,-0.5477
1.63E+09,3.29E+07,1.63E+09,3.4208,-0.72685,-1.3174,0.052119,0.57064,-0.66294
1.63E+09,1.33E+08,1.63E+09,3.0389,-0.032014,0.69055,-0.26251,0.53966,-0.27135
1.63E+09,2.33E+08,1.63E+09,2.7441,3.0138,0.060311,-0.29051,0.54059,-0.10138
1.63E+09,3.33E+08,1.63E+09,0.32493,6.2162,-2.7427,-0.1853,0.53077,0.025447
1.63E+09,4.33E+08,1.63E+09,0.025558,7.0407,1.4705,0.17004,0.55185,0.21758
1.63E+09,5.33E+08,1.63E+09,3.2704,2.7296,-6.9159,0.24172,0.5575,0.1423
1.63E+09,6.33E+08,1.63E+09,1.7186,4.7035,-3.4807,-0.38457,0.50245,0.66011
1.63E+09,7.33E+08,1.63E+09,0.22213,3.8319,1.0397,0.21512,0.53196,0.61325
1.63E+09,8.33E+08,1.63E+09,6.4129,0.017608,8.4694,-0.18041,0.52822,0.39214
1.63E+09,9.33E+08,1.63E+09,-3.9659,5.0264,-0.33274,-0.06025,0.5503,-0.099965
1.63E+09,3.35E+07,1.63E+09,0.46876,4.4342,-1.4271,-0.25144,0.53359,0.11868
1.63E+09,1.34E+08,1.63E+09,-1.3723,4.8947,-1.512,0.10702,0.52875,0.31225
1.63E+09,2.34E+08,1.63E+09,-0.45791,2.87,0.99405,-0.002346,0.54185,0.20796
1.63E+09,3.34E+08,1.63E+09,-0.049813,3.6941,3.0853,-0.064623,0.55063,-0.071683
1.63E+09,4.34E+08,1.63E+09,-0.70921,3.8162,2.4176,-0.19838,0.53463,0.29816
1.63E+09,5.34E+08,1.63E+09,3.0855,5.6113,-0.35531,0.1115,0.52417,0.11786
1.63E+09,6.34E+08,1.63E+09,-2.8525,6.034,-1.5689,0.1812,0.53521,0.56746
1.63E+09,7.34E+08,1.63E+09,0.076586,2.554,-1.8134,0.27,0.54121,0.038435
1.63E+09,8.34E+08,1.63E+09,-5.7116,4.1189,-1.1684,-0.038642,0.53989,0.18405
1.63E+09,9.34E+08,1.63E+09,-6.9298,5.3721,-6.413,-0.27375,0.57429,0.14763
1.63E+09,3.41E+07,1.63E+09,-3.705,4.5911,2.7264,-0.18241,0.55245,-0.076165
1.63E+09,1.34E+08,1.63E+09,-4.3392,7.7668,-4.2777,0.45828,0.54246,0.015661
1.63E+09,2.34E+08,1.63E+09,-4.8714,3.3228,-0.062022,-0.048821,0.53984,0.045974
1.63E+09,3.34E+08,1.63E+09,-5.4401,2.3793,-2.3786,-0.51939,0.544,-0.073744
1.63E+09,4.34E+08,1.63E+09,-5.9828,5.2237,-4.2068,-0.024576,0.5478,0.050352
1.63E+09,5.34E+08,1.63E+09,-4.416,4.6208,-0.92862,0.09127,0.54089,-0.046913
1.63E+09,6.34E+08,1.63E+09,-6.7456,3.9371,-3.5758,-0.034678,0.5413,0.0060043
1.63E+09,7.34E+08,1.63E+09,-6.6998,3.51,0.0049691,0.0478,0.55414,0.0019196
1.63E+09,8.35E+08,1.63E+09,-3.794,5.2881,-4.4203,0.21348,0.54016,-0.021942
1.63E+09,9.35E+08,1.63E+09,-9.4474,6.2845,-5.12,0.50996,0.57066,0.076648
1.63E+09,3.47E+07,1.63E+09,-5.9959,1.3443,-4.5763,0.063822,0.54326,0.056686
1.63E+09,1.35E+08,1.63E+09,-6.4159,4.9146,-8.3387,-0.18845,0.51096,0.13813
1.63E+09,2.35E+08,1.63E+09,-9.9028,5.4906,-7.0354,-0.21966,0.52484,0.49474
1.63E+09,3.35E+08,1.63E+09,-6.8719,6.5936,-3.9262,0.11143,0.54457,0.42014
1.63E+09,4.35E+08,1.63E+09,-7.0631,8.0514,-8.0212,-0.12052,0.54381,-0.20032
1.63E+09,5.35E+08,1.63E+09,-9.4502,7.5105,-6.1499,-0.00087904,0.53889,0.092791
1.63E+09,6.35E+08,1.63E+09,-7.8644,5.036,-7.6612,0.01528,0.55177,-0.016277
1.63E+09,7.35E+08,1.63E+09,-8.5026,4.1347,-8.0789,-0.07806,0.54168,0.10241
1.63E+09,8.35E+08,1.63E+09,-7.7254,4.8654,-8.291,-0.13564,0.54454,0.067406
1.63E+09,9.35E+08,1.63E+09,-8.0631,6.0691,-8.0586,-0.038433,0.54671,-0.0099195
1.63E+09,3.53E+07,1.63E+09,-7.7632,5.4285,-8.7983,0.049063,0.54026,-0.013194
1.63E+09,1.35E+08,1.63E+09,-8.5731,3.3294,-9.3244,0.13809,0.53359,-0.059147
1.63E+09,2.35E+08,1.63E+09,-8.5567,2.1715,-10.038,-0.1307,0.53969,0.017094
1.63E+09,3.35E+08,1.63E+09,-9.2654,3.2729,-10.718,0.071,0.54107,-0.17544
1.63E+09,4.36E+08,1.63E+09,-11.032,6.1766,-10.778,-0.29266,0.53781,0.035602
1.63E+09,5.36E+08,1.63E+09,-7.7129,8.1984,-10.125,-0.1657,0.54359,-0.43551
1.63E+09,6.36E+08,1.63E+09,-8.8621,6.9507,-10.154,0.11462,0.57235,-0.70208
1.63E+09,7.36E+08,1.63E+09,-8.9652,3.7467,-12.464,0.48191,0.57634,-0.88289
1.63E+09,8.36E+08,1.63E+09,-11.168,0.60049,-13.628,0.13266,0.55691,-0.57347
1.63E+09,9.36E+08,1.63E+09,-9.6517,-0.35009,-14.008,-0.0158,0.55577,-0.40085
1.63E+09,3.59E+07,1.63E+09,-9.8295,0.16314,-14.825,0.10118,0.55262,-0.33604
1.63E+09,1.36E+08,1.63E+09,-7.8866,2.5454,-14.682,-0.16145,0.54389,-0.27048
1.63E+09,2.36E+08,1.63E+09,-9.434,1.3747,-11.15,-0.26967,0.5513,-0.29211
1.63E+09,3.36E+08,1.63E+09,-11.472,2.9999,-18.483,0.1689,0.55499,-0.43192
1.63E+09,4.36E+08,1.63E+09,-9.3452,-2.396,-15.366,0.2313,0.55045,-0.15677
1.63E+09,5.36E+08,1.63E+09,-8.6963,-0.62243,-17.162,0.12061,0.55837,-0.0060456
1.63E+09,6.36E+08,1.63E+09,-5.4597,0.41205,-12.186,0.18643,0.54377,-0.072653
1.63E+09,7.36E+08,1.63E+09,-6.9601,-2.7637,-13.985,-0.71299,0.52957,0.068444
1.63E+09,8.36E+08,1.63E+09,-6.3732,5.5034,-15.686,0.071903,0.54712,0.048555
1.63E+09,9.37E+08,1.63E+09,-5.7123,1.5219,-16.355,0.21648,0.53802,0.044454
1.63E+09,3.66E+07,1.63E+09,-6.5023,2.4778,-20.072,0.070224,0.53938,0.18304
1.63E+09,1.37E+08,1.63E+09,-5.2895,0.58611,-19.161,-0.25091,0.54702,0.55214
1.63E+09,2.37E+08,1.63E+09,-3.5811,0.9776,-16.51,-0.1112,0.5363,0.45869
1.63E+09,3.37E+08,1.63E+09,-4.6557,1.5585,-15.511,0.63644,0.54369,-0.085077
1.63E+09,4.37E+08,1.63E+09,-4.78,0.44004,-14.708,-0.13695,0.54863,0.049402
1.63E+09,5.37E+08,1.63E+09,-4.0578,0.55312,-18.539,-0.081758,0.54757,0.072841
1.63E+09,6.37E+08,1.63E+09,-3.6732,1.7632,-17.694,-0.16713,0.55994,-0.029185
1.63E+09,7.37E+08,1.63E+09,-1.4813,-0.56135,-19.267,-0.096955,0.55627,-0.17183
1.63E+09,8.37E+08,1.63E+09,-2.0659,0.51112,-19.349,-0.10958,0.53803,0.048195
1.63E+09,9.37E+08,1.63E+09,-2.0443,1.362,-17.958,0.27829,0.55209,0.046142
1.63E+09,3.73E+07,1.63E+09,-0.89218,2.4563,-20.626,0.11398,0.52866,0.18937
1.63E+09,1.37E+08,1.63E+09,-0.26104,-0.30997,-16.64,0.11799,0.55027,0.26659
1.63E+09,2.37E+08,1.63E+09,0.80118,0.22623,-17.986,0.36347,0.55743,-0.0078065
1.63E+09,3.37E+08,1.63E+09,2.3742,-1.427,-18.71,-0.2367,0.53859,-0.0060518
1.63E+09,4.38E+08,1.63E+09,2.2364,1.5137,-21.277,0.2231,0.54342,0.099964
1.63E+09,5.38E+08,1.63E+09,1.9452,-2.0788,-18.188,-0.20977,0.54027,0.061504
1.63E+09,6.38E+08,1.63E+09,2.9521,0.23701,-16.834,-0.083229,0.54235,-0.039423
1.63E+09,7.38E+08,1.63E+09,2.7677,1.4748,-20.518,-0.21919,0.5382,0.15609
1.63E+09,8.38E+08,1.63E+09,4.6737,1.5056,-17.317,0.17048,0.54664,0.20916
1.63E+09,9.38E+08,1.63E+09,5.2639,0.75979,-20.878,0.032906,0.52838,0.30534
1.63E+09,3.79E+07,1.63E+09,3.9328,-1.0084,-17.671,-0.32536,0.51733,0.3083
1.63E+09,1.38E+08,1.63E+09,3.4517,0.030948,-18.059,-0.045471,0.56023,0.28789
1.63E+09,2.38E+08,1.63E+09,5.4547,-1.1448,-14.882,0.25327,0.55413,0.051981
1.63E+09,3.38E+08,1.63E+09,6.5956,-0.9188,-22.812,-0.41909,0.52693,0.10747
1.63E+09,4.38E+08,1.63E+09,5.0359,-0.28524,-14.302,-0.34176,0.5284,0.050713
1.63E+09,5.38E+08,1.63E+09,6.0388,1.6651,-15.244,0.023919,0.55057,0.0095247
1.63E+09,6.38E+08,1.63E+09,7.0161,1.3509,-21.422,0.12964,0.55535,0.055905
1.63E+09,7.38E+08,1.63E+09,8.7506,-1.2881,-16.973,0.17571,0.54035,-0.0091896
1.63E+09,8.39E+08,1.63E+09,9.3267,-0.094204,-11.538,0.2386,0.55072,-0.0019792
1.63E+09,9.39E+08,1.63E+09,7.9739,-0.3891,-12.656,0.33838,0.54949,-0.13612
1.63E+09,3.86E+07,1.63E+09,6.1729,2.392,-18.97,-0.10468,0.55776,-0.17254
1.63E+09,1.39E+08,1.63E+09,10.049,3.8975,-15.376,0.040603,0.53738,0.0031838
1.63E+09,2.39E+08,1.63E+09,9.1353,3.0813,-11.972,0.070154,0.54571,-0.14921
1.63E+09,3.39E+08,1.63E+09,8.9756,2.0022,-15.307,0.0011042,0.5635,-0.57128
1.63E+09,4.39E+08,1.63E+09,9.2495,-3.2199,-12.792,0.21441,0.55921,-0.5118
1.63E+09,5.39E+08,1.63E+09,7.6949,-2.8858,-12.19,0.17453,0.55576,-0.18484
1.63E+09,6.39E+08,1.63E+09,8.6272,-1.0317,-10.234,0.41457,0.56821,0.13339
1.63E+09,7.39E+08,1.63E+09,10.725,0.37793,-10.646,0.21593,0.57567,0.18486
1.63E+09,8.39E+08,1.63E+09,11.46,-3.9626,-10.856,0.09061,0.52055,-0.0898
1.63E+09,9.39E+08,1.63E+09,7.7196,-3.5758,-11.244,-0.83948,0.51171,0.10631
1.63E+09,3.93E+07,1.63E+09,7.3604,1.2246,-9.8224,-0.31065,0.53266,0.0021886
1.63E+09,1.39E+08,1.63E+09,7.7064,3.4332,-11.515,0.29718,0.55386,0.020523
1.63E+09,2.39E+08,1.63E+09,9.2357,2.7294,-5.3419,-0.17714,0.54238,0.2464
1.63E+09,3.40E+08,1.63E+09,10.74,1.865,-9.7898,-0.19291,0.53436,0.20523
1.63E+09,4.40E+08,1.63E+09,8.9459,4.4463,-6.0418,-0.29159,0.53573,-0.043145
1.63E+09,5.40E+08,1.63E+09,6.9185,2.8507,-5.8363,-0.10026,0.54146,-0.025242
1.63E+09,6.40E+08,1.63E+09,9.1967,-1.3406,-2.7395,0.44589,0.55257,-0.035378
1.63E+09,7.40E+08,1.63E+09,7.1765,-3.0364,-7.8669,0.66059,0.57918,0.056809
1.63E+09,8.40E+08,1.63E+09,9.3037,-3.3152,-4.4198,-0.027834,0.53664,0.21637
1.63E+09,9.40E+08,1.63E+09,9.3191,-4.3299,-3.699,-0.8311,0.50173,0.26568
1.63E+09,4.01E+07,1.63E+09,6.916,5.5571,-5.811,-0.17899,0.54884,-0.076885
1.63E+09,1.40E+08,1.63E+09,8.7686,3.7616,-2.3071,-0.14436,0.54751,-0.24952
1.63E+09,2.40E+08,1.63E+09,6.3184,0.31243,-2.9144,0.22281,0.54213,-0.046526
1.63E+09,3.40E+08,1.63E+09,6.5019,-2.8158,-2.595,0.2527,0.54503,0.071532
1.63E+09,4.40E+08,1.63E+09,5.8216,-1.6535,0.044229,-0.25274,0.54085,-0.10315
1.63E+09,5.40E+08,1.63E+09,6.5433,1.6272,2.1622,-0.13345,0.54252,0.33898
1.63E+09,6.41E+08,1.63E+09,7.6181,3.1635,-3.1474,0.26915,0.54817,0.48109
1.63E+09,7.41E+08,1.63E+09,4.9122,0.44078,-3.433,-0.057934,0.53716,0.56881
1.63E+09,8.41E+08,1.63E+09,4.9673,-0.48694,-3.3852,-0.19567,0.52888,0.67212
1.63E+09,9.41E+08,1.63E+09,4.3078,-1.2707,1.3045,-0.30952,0.52071,0.69907
1.63E+09,4.08E+07,1.63E+09,8.3499,0.41846,-4.3601,0.25352,0.52378,0.37427
1.63E+09,1.41E+08,1.63E+09,2.027,-1.2532,-1.0693,-0.064317,0.54465,0.25035
1.63E+09,2.41E+08,1.63E+09,3.5246,0.62174,3.0577,0.37955,0.53345,0.46974
1.63E+09,3.41E+08,1.63E+09,2.8683,-2.7864,2.2964,0.14587,0.53848,0.31733
1.63E+09,4.41E+08,1.63E+09,3.3116,-2.6972,2.5937,-0.0051924,0.54163,-0.091356
1.63E+09,5.41E+08,1.63E+09,2.3513,0.065421,-4.0954,0.26437,0.54491,-0.096273
1.63E+09,6.41E+08,1.63E+09,2.8364,1.14,-0.6527,0.2167,0.54167,-0.15614
1.63E+09,7.41E+08,1.63E+09,-0.40265,1.5613,-0.89478,-0.040894,0.5591,-0.36714
1.63E+09,8.41E+08,1.63E+09,0.26442,-0.2099,0.36619,0.2136,0.55952,-0.40294
1.63E+09,9.41E+08,1.63E+09,-2.3759,-0.66428,0.099332,0.16602,0.5676,-0.47182
1.63E+09,4.16E+07,1.63E+09,-0.27298,-2.5749,-1.0742,-0.060581,0.54987,-0.48235
1.63E+09,1.42E+08,1.63E+09,-1.7705,-3.1796,-2.5056,0.074732,0.55888,-0.47286
1.63E+09,2.42E+08,1.63E+09,-2.2783,-3.984,-0.15064,0.21124,0.5525,-0.1484
1.63E+09,3.42E+08,1.63E+09,-3.028,1.4362,-2.7687,-0.23902,0.54086,-0.048531
1.63E+09,4.42E+08,1.63E+09,-5.3349,-1.7086,-1.5142,0.39933,0.55534,-0.17867
1.63E+09,5.42E+08,1.63E+09,-3.9227,-1.3152,5.1022,0.231,0.53931,-0.035032
1.63E+09,6.42E+08,1.63E+09,-5.1414,-1.9276,3.8241,0.16728,0.55475,0.04401
1.63E+09,7.42E+08,1.63E+09,-3.0847,-2.3406,0.29763,-0.034124,0.53341,-0.16238
1.63E+09,8.42E+08,1.63E+09,-7.2405,-1.2262,-3.4637,0.38393,0.54736,-0.11134
1.63E+09,9.42E+08,1.63E+09,-5.9013,-2.0401,-0.64168,0.27541,0.55972,-0.00075605
1.63E+09,4.23E+07,1.63E+09,-5.0525,-2.5769,-2.8756,-0.46656,0.53255,0.028437
1.63E+09,1.42E+08,1.63E+09,-7.296,-0.9072,-1.5242,0.086755,0.55494,-0.031963
1.63E+09,2.42E+08,1.63E+09,-5.0689,1.1643,-7.0735,-0.039307,0.55297,-0.027088
1.63E+09,3.43E+08,1.63E+09,-8.8767,-0.82333,-4.7552,-0.21978,0.5406,0.082061
1.63E+09,4.43E+08,1.63E+09,-7.2034,-0.49398,-0.90063,-0.083417,0.52995,-0.19811
1.63E+09,5.43E+08,1.63E+09,-9.1869,0.0014328,-2.7803,0.52195,0.55612,-0.11772
1.63E+09,6.43E+08,1.63E+09,-8.8744,-1.4732,-6.8787,0.058293,0.55783,-0.31485
1.63E+09,7.43E+08,1.63E+09,-9.0466,-1.9448,-3.9059,0.007378,0.55288,-0.29956
1.63E+09,8.43E+08,1.63E+09,-8.2096,-3.9264,-4.6471,0.17592,0.54868,-0.19252
1.63E+09,9.43E+08,1.63E+09,-9.1979,-3.2918,-6.4705,-0.068727,0.54939,0.066438
1.63E+09,4.31E+07,1.63E+09,-6.6107,-0.064855,-7.4971,0.19558,0.54378,-0.11774
1.63E+09,1.43E+08,1.63E+09,-9.41,-3.8631,-1.5225,-0.23682,0.54836,0.079525
1.63E+09,2.43E+08,1.63E+09,-9.4961,0.76081,-9.2461,-0.052608,0.54013,0.077095
1.63E+09,3.43E+08,1.63E+09,-8.6629,-2.1403,-7.7704,-0.027143,0.53562,0.20069
1.63E+09,4.43E+08,1.63E+09,-10.013,-0.34381,-9.1847,0.071371,0.53447,0.21067
1.63E+09,5.44E+08,1.63E+09,-11.79,-1.2315,-9.2291,-0.12474,0.53889,0.39865
1.63E+09,6.44E+08,1.63E+09,-9.3434,-0.58614,-4.6649,0.092469,0.54118,0.50293
1.63E+09,7.44E+08,1.63E+09,-6.7264,-1.1352,-8.6432,0.28401,0.52582,0.17043
1.63E+09,8.44E+08,1.63E+09,-9.0525,-3.4347,-9.8524,-0.66607,0.51407,0.15876
1.63E+09,9.44E+08,1.63E+09,-13.357,1.9428,-15.808,-0.14448,0.54547,0.079347
1.63E+09,4.39E+07,1.63E+09,-8.5324,1.0437,-12.288,-0.13031,0.5379,-0.13861
1.63E+09,1.44E+08,1.63E+09,-9.9341,1.6508,-11.28,0.10815,0.55492,-0.18239
1.63E+09,2.44E+08,1.63E+09,-8.5865,-1.2352,-11.445,-0.10275,0.55014,-0.21415
1.63E+09,3.44E+08,1.63E+09,-9.1712,-2.845,-8.3457,0.097721,0.55925,-0.32766
1.63E+09,4.44E+08,1.63E+09,-9.4878,-1.4598,-11.227,0.093798,0.55355,0.061876
1.63E+09,5.44E+08,1.63E+09,-6.8824,-2.3337,-15.906,-0.35498,0.53855,-0.038252
1.63E+09,6.44E+08,1.63E+09,-8.7992,0.86633,-14.345,-0.26386,0.55272,0.092828
1.63E+09,7.44E+08,1.63E+09,-6.2136,0.26803,-13.056,-0.11642,0.52994,0.0074081
1.63E+09,8.45E+08,1.63E+09,-11.268,1.1758,-22.049,0.57064,0.55285,0.060534
1.63E+09,9.45E+08,1.63E+09,-7.5482,-1.3082,-13.381,0.024312,0.54564,-0.084836
1.63E+09,4.47E+07,1.63E+09,-8.2673,-0.55959,-16.263,-0.15028,0.54623,0.027162
1.63E+09,1.45E+08,1.63E+09,-7.926,-1.9855,-13.205,0.12413,0.55535,-0.042275
1.63E+09,2.45E+08,1.63E+09,-6.4398,-2.3215,-14.926,-0.046634,0.53576,0.084306
1.63E+09,3.45E+08,1.63E+09,-4.9588,4.7896,-21.05,-0.16338,0.54134,-0.054405
1.63E+09,4.45E+08,1.63E+09,-5.6265,2.1279,-15.268,0.11036,0.5424,0.10106
1.63E+09,5.45E+08,1.63E+09,-4.7239,3.0191,-16.998,-0.11132,0.54607,-0.036432
1.63E+09,6.45E+08,1.63E+09,-5.8538,-0.68609,-17.997,0.04994,0.5442,-0.0052235
1.63E+09,7.45E+08,1.63E+09,-5.1384,-5.7679,-18.67,0.18985,0.55135,0.033858
1.63E+09,8.45E+08,1.63E+09,-3.6006,-5.9254,-18.269,0.0085407,0.54879,0.011288
1.63E+09,9.45E+08,1.63E+09,-3.8399,-4.4786,-18.322,-0.048788,0.54917,0.0019284
1.63E+09,4.55E+07,1.63E+09,-3.983,-4.0031,-16.08,-0.37686,0.52347,-0.022072
1.63E+09,1.46E+08,1.63E+09,-2.7798,0.45963,-14.653,-0.22949,0.52394,0.1247
1.63E+09,2.46E+08,1.63E+09,0.35215,3.8866,-20.059,0.62677,0.53128,0.42129
1.63E+09,3.46E+08,1.63E+09,-2.038,-5.0709,-20.735,0.094323,0.53871,0.097273
1.63E+09,4.46E+08,1.63E+09,-2.6477,-1.2079,-15.101,-0.057632,0.55506,-0.039263
1.63E+09,5.46E+08,1.63E+09,-0.58095,-0.38405,-23.269,0.17569,0.56362,0.019726
1.63E+09,6.46E+08,1.63E+09,1.6315,-1.4335,-20.286,-0.07973,0.52899,-0.14303
1.63E+09,7.46E+08,1.63E+09,-0.11107,-0.79612,-16.048,0.20099,0.53042,-0.15261
1.63E+09,8.46E+08,1.63E+09,-3.4416,-2.9918,-23.571,-0.48653,0.53595,0.18046
1.63E+09,9.46E+08,1.63E+09,2.2763,-0.016049,-18.686,0.21573,0.54249,-0.080163
1.63E+09,4.64E+07,1.63E+09,0.4619,0.92801,-20.575,-0.24671,0.55384,0.14048
1.63E+09,1.46E+08,1.63E+09,3.0477,0.81858,-15.891,0.066402,0.556,-0.0019878
1.63E+09,2.47E+08,1.63E+09,3.8209,4.0899,-21.029,-0.54574,0.52596,0.086017
1.63E+09,3.47E+08,1.63E+09,1.9707,-0.85977,-15.417,0.38017,0.55947,-0.16996
1.63E+09,4.47E+08,1.63E+09,4.2031,-4.8578,-16.641,0.12379,0.52331,-0.031923
1.63E+09,5.47E+08,1.63E+09,2.3462,-4.6953,-24.652,-0.30398,0.54929,-0.036582
1.63E+09,6.47E+08,1.63E+09,4.7509,3.2064,-17.284,-0.11966,0.5355,0.056645
1.63E+09,7.47E+08,1.63E+09,4.3886,5.7719,-20.411,-0.12135,0.54919,-0.018756
1.63E+09,8.47E+08,1.63E+09,6.3589,3.677,-17.811,-0.088545,0.54744,-0.16867
1.63E+09,9.47E+08,1.63E+09,6.2376,-0.15249,-17.401,0.22986,0.5446,0.02311
1.63E+09,4.72E+07,1.63E+09,5.5491,-4.3941,-16.025,0.19203,0.55152,-0.017652
1.63E+09,1.47E+08,1.63E+09,6.4596,-4.5507,-17.304,0.065677,0.55072,0.025344
1.63E+09,2.47E+08,1.63E+09,6.8062,-3.1693,-18.556,0.10059,0.54543,-0.086001
1.63E+09,3.47E+08,1.63E+09,7.6947,1.961,-11.292,0.28363,0.53021,0.07685
1.63E+09,4.48E+08,1.63E+09,7.3518,0.85033,-17.136,-0.40682,0.5297,0.34854
1.63E+09,5.48E+08,1.63E+09,7.7838,1.819,-14.248,0.0039542,0.54489,0.54023
1.63E+09,6.48E+08,1.63E+09,10.151,1.5383,-12.049,-0.023033,0.5405,0.088396
1.63E+09,7.48E+08,1.63E+09,8.236,-2.9061,-15.11,0.13778,0.55134,-0.24382
1.63E+09,8.48E+08,1.63E+09,8.3752,-2.5818,-14.06,0.066975,0.56796,-0.53199
1.63E+09,9.48E+08,1.63E+09,9.7971,-1.1722,-13.348,-0.098282,0.57427,-0.76232
1.63E+09,4.81E+07,1.63E+09,12.405,0.84265,-10.93,0.13373,0.554,-0.82019
1.63E+09,1.48E+08,1.63E+09,9.4035,-0.28165,-8.816,-0.00095207,0.57769,-0.91423
1.63E+09,2.48E+08,1.63E+09,9.3002,3.6034,-10.118,0.011862,0.58406,-1.0721
1.63E+09,3.48E+08,1.63E+09,9.556,1.6605,-10.083,0.039131,0.57786,-1.1707
1.63E+09,4.48E+08,1.63E+09,9.5007,1.341,-11.596,-0.017167,0.55298,-0.27957
1.63E+09,5.48E+08,1.63E+09,10.004,1.6624,-8.7367,0.095161,0.53575,-0.16058
1.63E+09,6.49E+08,1.63E+09,8.3681,0.8938,-7.7857,0.3139,0.52818,0.069153
1.63E+09,7.49E+08,1.63E+09,9.2763,4.5898,-12.509,-0.26765,0.5325,-0.021788
1.63E+09,8.49E+08,1.63E+09,9.1791,7.9359,-9.029,-0.00090461,0.54065,0.032276
1.63E+09,9.49E+08,1.63E+09,9.4706,7.4748,-7.4134,-0.21083,0.53411,-0.044181
1.63E+09,4.89E+07,1.63E+09,7.8747,2.7853,-9.2006,0.15587,0.55347,-0.25529
1.63E+09,1.49E+08,1.63E+09,9.1103,2.4341,-7.4775,0.067697,0.5514,-0.38003
1.63E+09,2.49E+08,1.63E+09,6.9964,1.3747,-7.034,-0.015623,0.55967,-0.60531
1.63E+09,3.49E+08,1.63E+09,7.4844,3.4212,-5.6132,-0.23141,0.56047,-0.46265
1.63E+09,4.49E+08,1.63E+09,7.3399,5.8273,-5.3747,0.20734,0.58105,-0.49699
1.63E+09,5.49E+08,1.63E+09,7.0523,7.4068,-5.3645,0.14565,0.57319,-0.57883
1.63E+09,6.49E+08,1.63E+09,6.2287,7.0305,-5.6798,0.044792,0.57186,-0.77218
1.63E+09,7.50E+08,1.63E+09,6.9141,7.3025,-4.0853,-0.074767,0.55152,-0.76558
1.63E+09,8.50E+08,1.63E+09,4.2868,8.6222,-4.6176,-0.28859,0.5568,-0.99514
1.63E+09,9.50E+08,1.63E+09,2.8309,6.4272,-2.6893,-0.20343,0.56902,-0.99127
1.63E+09,4.98E+07,1.63E+09,2.6469,8.3175,-3.4871,-0.084759,0.55734,-0.39562
1.63E+09,1.50E+08,1.63E+09,-0.23949,7.3467,-2.7386,0.065604,0.53989,0.080472
1.63E+09,2.50E+08,1.63E+09,2.167,5.8849,-4.495,0.14062,0.55507,-0.078716
1.63E+09,3.50E+08,1.63E+09,1.3798,3.0822,-4.5278,0.014032,0.53479,-0.029387
1.63E+09,4.50E+08,1.63E+09,1.2133,4.8286,-2.735,-0.11075,0.52009,-0.14732
1.63E+09,5.50E+08,1.63E+09,-0.29927,4.8009,-5.3192,-0.2661,0.52317,0.212
1.63E+09,6.50E+08,1.63E+09,-0.536,11.07,-6.6582,-0.10335,0.52816,0.3896
1.63E+09,7.50E+08,1.63E+09,1.3562,7.5052,1.4467,0.26063,0.54993,0.5297
1.63E+09,8.51E+08,1.63E+09,0.7645,7.944,-1.5629,-0.051814,0.54321,-0.0076825
1.63E+09,9.51E+08,1.63E+09,-0.81533,11.789,-2.5697,0.22181,0.55283,-0.051452
1.63E+09,5.07E+07,1.63E+09,-0.12312,11.467,-2.8745,-0.040498,0.54836,-0.19032
1.63E+09,1.51E+08,1.63E+09,0.22808,3.4279,-4.5807,0.33796,0.53601,0.078212
1.63E+09,2.51E+08,1.63E+09,-0.6197,3.4757,-3.0673,0.095912,0.52957,0.10948
1.63E+09,3.51E+08,1.63E+09,-2.6819,3.0479,-3.7376,-0.22781,0.54022,0.0037885
1.63E+09,4.51E+08,1.63E+09,-1.6507,7.6651,2.734,-0.29977,0.53482,0.10093
1.63E+09,5.51E+08,1.63E+09,-3.8936,8.7964,-1.9031,-0.35949,0.54178,0.52527
1.63E+09,6.51E+08,1.63E+09,-1.5439,9.3286,-4.6108,0.3292,0.53354,0.66327
1.63E+09,7.51E+08,1.63E+09,-1.6639,6.6545,-2.0129,0.082708,0.52543,0.47797
1.63E+09,8.51E+08,1.63E+09,-0.94154,6.9559,-1.3097,-0.073388,0.53148,0.48014
1.63E+09,9.52E+08,1.63E+09,-1.2721,7.2285,0.10178,-0.090687,0.52529,0.52496
1.63E+09,5.16E+07,1.63E+09,0.93853,14.844,-9.496,0.40063,0.53491,0.57132
1.63E+09,1.52E+08,1.63E+09,-0.7157,11.011,-3.0617,0.095156,0.54795,0.16005
1.63E+09,2.52E+08,1.63E+09,-1.9274,5.0799,-3.1761,0.2184,0.55233,0.040129
1.63E+09,3.52E+08,1.63E+09,-1.0878,5.5318,-4.2719,-0.02054,0.52329,0.74302
1.63E+09,4.52E+08,1.63E+09,-2.8066,8.4178,-4.7614,0.059996,0.51749,0.87168
1.63E+09,5.52E+08,1.63E+09,0.67304,8.7058,-3.8771,0.31902,0.52813,0.63841
1.63E+09,6.52E+08,1.63E+09,0.0029602,9.3243,-2.737,-0.30081,0.52764,0.38331
1.63E+09,7.52E+08,1.63E+09,-1.0956,12.817,-3.6054,0.048285,0.54559,0.13763
1.63E+09,8.52E+08,1.63E+09,-0.58369,6.686,-4.6531,0.23102,0.54866,-0.037536
1.63E+09,9.52E+08,1.63E+09,-2.641,7.5352,-3.6533,0.012082,0.54992,-0.075601
1.63E+09,5.26E+07,1.63E+09,-1.1137,8.5077,-4.1895,-0.28287,0.56014,-0.79071
1.63E+09,1.53E+08,1.63E+09,-4.0769,10.395,-4.3026,0.34241,0.56908,-0.64994
1.63E+09,2.53E+08,1.63E+09,-6.2103,6.4892,-3.2428,-0.20973,0.55066,-0.75439
1.63E+09,3.53E+08,1.63E+09,-6.3459,6.403,-4.9927,-0.089509,0.54842,-0.43147
1.63E+09,4.53E+08,1.63E+09,-6.107,7.4894,-4.8234,-0.1374,0.54163,0.076393
1.63E+09,5.53E+08,1.63E+09,-4.4727,13.285,-6.2227,-0.0080131,0.55049,-0.068314
1.63E+09,6.53E+08,1.63E+09,-5.744,7.8222,-5.1776,0.10831,0.55127,-0.029807
1.63E+09,7.53E+08,1.63E+09,-5.8189,2.7664,-6.3462,0.24596,0.55747,-0.018761
1.63E+09,8.53E+08,1.63E+09,-6.1327,4.385,-4.1802,0.02296,0.55713,0.024989
1.63E+09,9.53E+08,1.63E+09,-2.3718,5.915,-7.24,-0.54537,0.5098,0.017585
1.63E+09,5.35E+07,1.63E+09,-9.098,13.438,-3.6854,0.55239,0.56676,0.14853
1.63E+09,1.54E+08,1.63E+09,-2.4248,10.114,-7.4151,-0.0042382,0.55522,0.12453
1.63E+09,2.54E+08,1.63E+09,-5.6004,8.6406,-8.5843,0.16339,0.53825,0.057402
1.63E+09,3.54E+08,1.63E+09,-6.2955,9.2715,-9.1254,0.12355,0.53912,-0.04126
1.63E+09,4.54E+08,1.63E+09,-4.2517,2.2902,-9.9237,0.78042,0.52187,0.097167
1.63E+09,5.54E+08,1.63E+09,-7.7379,3.5863,-4.6266,0.22608,0.53308,0.39698
1.63E+09,6.54E+08,1.63E+09,-11.154,4.0715,-27.485,-0.055557,0.53969,0.42417
1.63E+09,7.54E+08,1.63E+09,-7.3199,5.4947,-10.421,0.038985,0.54211,0.069747
1.63E+09,8.54E+08,1.63E+09,-7.0203,4.6899,-14.367,-0.86735,0.5342,0.16094
1.63E+09,9.54E+08,1.63E+09,-6.2111,9.3714,-3.9019,-1.6624,0.52879,-0.038888
1.63E+09,5.44E+07,1.63E+09,-8.683,11.621,1.4618,-0.33787,0.54312,0.57579
1.63E+09,1.55E+08,1.63E+09,-6.982,17.839,-8.1255,-0.14818,0.53254,0.30152
1.63E+09,2.55E+08,1.63E+09,-5.1489,8.4778,-6.7619,0.44949,0.57691,-0.12956
1.63E+09,3.55E+08,1.63E+09,-4.2435,8.344,-8.6287,-0.10948,0.53634,0.085715
1.63E+09,4.55E+08,1.63E+09,-6.7634,9.5017,-8.8985,-0.022274,0.54323,-0.010011
1.63E+09,5.55E+08,1.63E+09,-4.9161,6.843,-11.629,0.088095,0.55009,0.037988
1.63E+09,6.55E+08,1.63E+09,-4.5245,11.68,-12.41,-0.48011,0.53834,-0.2663
1.63E+09,7.55E+08,1.63E+09,-6.1331,6.2913,-12.729,-0.75358,0.55003,-0.34332
1.63E+09,8.55E+08,1.63E+09,-4.4652,7.2092,-2.8199,-0.60089,0.52401,-0.31636
1.63E+09,9.55E+08,1.63E+09,-7.6887,15.245,-12.899,0.021885,0.54025,0.033142
1.63E+09,5.54E+07,1.63E+09,-5.8205,16.231,-11.946,0.64327,0.53927,0.19991
1.63E+09,1.56E+08,1.63E+09,-3.8914,13.955,-16.21,0.5327,0.5266,0.37561
1.63E+09,2.56E+08,1.63E+09,-5.4369,10.165,-12.542,0.066708,0.55045,0.038173
1.63E+09,3.56E+08,1.63E+09,-4.3798,10.502,-12.843,0.013493,0.54657,0.035831
1.63E+09,4.56E+08,1.63E+09,-5.4079,6.3383,-11.889,0.42371,0.54501,0.031898
1.63E+09,5.56E+08,1.63E+09,-4.9989,7.9567,-12.81,0.91465,0.5877,-0.083419
1.63E+09,6.56E+08,1.63E+09,-3.1313,4.4047,-9.6466,-0.033006,0.54,-0.082446
1.63E+09,7.56E+08,1.63E+09,-4.6289,7.5378,-14.717,-0.19801,0.55964,-0.14686
1.63E+09,8.56E+08,1.63E+09,-3.2327,10.623,-17.459,0.48284,0.5465,-0.21812
1.63E+09,9.56E+08,1.63E+09,-4.8889,6.2084,-11.553,-0.27448,0.53238,-0.18639
1.63E+09,5.64E+07,1.63E+09,-4.2904,9.5196,-16.02,0.19408,0.54814,0.01377
1.63E+09,1.56E+08,1.63E+09,-3.48,6.4988,-15.065,-0.20622,0.54113,-0.034215
1.63E+09,2.57E+08,1.63E+09,-3.1319,9.8971,-14.949,0.26455,0.5635,0.010246
1.63E+09,3.57E+08,1.63E+09,-2.1418,9.0197,-16.61,-0.037232,0.54944,-0.089213
1.63E+09,4.57E+08,1.63E+09,-3.2439,8.2273,-16.648,0.3863,0.54666,-0.0065506
1.63E+09,5.57E+08,1.63E+09,-3.5099,9.8442,-14.257,-0.13394,0.55584,0.042691
1.63E+09,6.57E+08,1.63E+09,-1.1876,12.998,-18.299,0.0056058,0.54537,0.017058
1.63E+09,7.57E+08,1.63E+09,-0.83913,8.0626,-16.273,0.24314,0.53643,0.16246
1.63E+09,8.57E+08,1.63E+09,-0.75324,4.6332,-16.642,0.14209,0.52779,0.57279
1.63E+09,9.57E+08,1.63E+09,1.0465,6.5411,-16.413,-0.13216,0.51846,0.44321
1.63E+09,5.74E+07,1.63E+09,-0.8695,7.6073,-17.48,0.065737,0.5475,0.20589
1.63E+09,1.57E+08,1.63E+09,2.441,7.8203,-18.25,0.014032,0.5405,0.016243
1.63E+09,2.58E+08,1.63E+09,0.90509,9.9467,-19.366,-0.0015604,0.54353,-0.16231
1.63E+09,3.58E+08,1.63E+09,0.22075,6.1982,-13.741,0.28844,0.54922,-0.14037
1.63E+09,4.58E+08,1.63E+09,1.8264,5.9284,-14.213,-0.12072,0.53043,0.26573
1.63E+09,5.58E+08,1.63E+09,-0.31346,8.829,-18.72,-0.18417,0.54627,0.25228
1.63E+09,6.58E+08,1.63E+09,4.2619,8.4236,-16.598,-0.15509,0.54232,0.33864
1.63E+09,7.58E+08,1.63E+09,4.3071,9.4071,-15.155,-0.023936,0.53672,0.36421
1.63E+09,8.58E+08,1.63E+09,4.849,9.6279,-12.852,-0.14892,0.54034,-0.053781
1.63E+09,9.58E+08,1.63E+09,4.031,12.892,-12.81,-0.18916,0.54719,0.02015
1.63E+09,5.83E+07,1.63E+09,4.708,10.755,-13.224,0.021666,0.55075,-0.0099752
1.63E+09,1.58E+08,1.63E+09,4.8726,9.1353,-14.924,0.18236,0.53654,-0.069514
1.63E+09,2.59E+08,1.63E+09,4.4081,6.7477,-13.629,0.05884,0.54453,0.01392
1.63E+09,3.59E+08,1.63E+09,5.0367,8.1803,-13.701,-0.096347,0.54881,-0.013448
1.63E+09,4.59E+08,1.63E+09,5.6979,8.7548,-12.95,0.0070091,0.54972,-0.0012084
1.63E+09,5.59E+08,1.63E+09,5.2912,7.5768,-12.852,-0.022895,0.5252,0.5713
1.63E+09,6.59E+08,1.63E+09,5.2652,8.4751,-11.529,0.12329,0.53266,0.58334
1.63E+09,7.59E+08,1.63E+09,7.6703,6.0415,-9.4611,0.14445,0.5193,0.40925
1.63E+09,8.59E+08,1.63E+09,4.8172,5.4559,-10.795,-0.11869,0.50077,1.1386
1.63E+09,9.59E+08,1.63E+09,6.2499,6.8809,-18.344,0.42161,0.53545,1.2836
1.63E+09,5.93E+07,1.63E+09,9.8337,2.556,-8.3609,-0.15577,0.50439,1.2452
1.63E+09,1.59E+08,1.63E+09,11.01,3.4146,-6.8777,0.071866,0.5246,1.1184
1.63E+09,2.60E+08,1.63E+09,12.126,1.3064,-9.1017,0.24627,0.53225,0.52141
1.63E+09,3.60E+08,1.63E+09,10.873,0.089076,-11.183,-0.055282,0.52913,0.5177
1.63E+09,4.60E+08,1.63E+09,10.147,-0.69145,-8.6453,-0.19487,0.53275,0.10302
1.63E+09,5.60E+08,1.63E+09,8.5999,1.6903,-4.1034,0.015656,0.54779,0.017799
1.63E+09,6.60E+08,1.63E+09,10.404,1.6738,-11.18,-0.36105,0.53612,-0.077013
1.63E+09,7.60E+08,1.63E+09,11.888,4.3929,-10.937,0.098909,0.52031,0.14268
1.63E+09,8.60E+08,1.63E+09,7.2934,1.9708,-1.8697,-0.18428,0.5389,0.32656
1.63E+09,9.60E+08,1.63E+09,9.6902,2.5921,-7.8968,-0.15009,0.52345,0.76525
1.63E+09,6.03E+07,1.63E+09,13.945,2.4234,-1.7328,0.25491,0.52439,0.79411
1.63E+09,1.60E+08,1.63E+09,8.8259,-2.4624,-7.0437,-0.10284,0.53564,0.54003
1.63E+09,2.61E+08,1.63E+09,8.5763,-1.9695,-6.5789,-0.013496,0.54811,0.46189
1.63E+09,3.61E+08,1.63E+09,8.9465,-1.2879,-5.1027,-0.25311,0.52831,0.3391
1.63E+09,4.61E+08,1.63E+09,8.7697,-0.091644,-1.6981,-0.19999,0.52564,0.68036
1.63E+09,5.61E+08,1.63E+09,9.4195,-0.10422,-5.8581,0.27748,0.52301,0.76558
1.63E+09,6.61E+08,1.63E+09,9.3222,-2.609,-1.3787,-0.068972,0.51692,0.23844
1.63E+09,7.61E+08,1.63E+09,6.4963,-4.098,-8.541,0.60294,0.56237,-0.030821
1.63E+09,8.61E+08,1.63E+09,5.9616,-3.4444,0.63581,0.3789,0.55808,0.0038986
1.63E+09,9.61E+08,1.63E+09,6.7957,-3.2852,0.50863,-0.42956,0.55577,-0.12505
1.63E+09,6.13E+07,1.63E+09,8.4612,-1.2385,-4.5363,-0.15103,0.53742,-0.18885
1.63E+09,1.61E+08,1.63E+09,5.9336,1.6591,-2.3636,-0.10502,0.53682,-0.023074
1.63E+09,2.62E+08,1.63E+09,4.4761,-1.6768,-0.3782,0.44773,0.57678,-0.30123
1.63E+09,3.62E+08,1.63E+09,4.6206,-2.7281,2.4583,-0.041612,0.56037,-0.6848
1.63E+09,4.62E+08,1.63E+09,3.4224,1.3821,-2.3658,0.2413,0.57522,-0.55383
1.63E+09,5.62E+08,1.63E+09,2.8123,-1.1316,-3.0003,0.0045565,0.57135,-0.88572
1.63E+09,6.62E+08,1.63E+09,5.5865,-1.5108,0.88357,-0.10274,0.55948,-1.0478
1.63E+09,7.62E+08,1.63E+09,4.8436,-1.1711,-2.4729,-0.16041,0.55293,-0.38649
1.63E+09,8.62E+08,1.63E+09,2.3863,-1.473,-0.83655,0.11361,0.54381,-0.088706
1.63E+09,9.62E+08,1.63E+09,1.8517,-5.18,0.82294,0.15196,0.55382,-0.011076
1.63E+09,6.23E+07,1.63E+09,1.9562,-2.641,-0.5527,-0.054129,0.53773,0.042872
1.63E+09,1.62E+08,1.63E+09,-0.7336,1.9211,-0.055981,0.21033,0.54886,0.11113
1.63E+09,2.63E+08,1.63E+09,-1.4666,-0.77295,0.20297,-0.45882,0.55218,0.16897
1.63E+09,3.63E+08,1.63E+09,0.21473,2.8209,-0.062378,0.044901,0.55768,0.079447
1.63E+09,4.63E+08,1.63E+09,0.31279,0.28973,-0.77976,0.029907,0.54766,-0.29303
1.63E+09,5.63E+08,1.63E+09,0.46411,-2.9681,1.6179,0.015722,0.52718,-0.32054
1.63E+09,6.63E+08,1.63E+09,-3.8589,-1.0545,-0.23588,0.024162,0.55677,-0.48324
1.63E+09,7.63E+08,1.63E+09,-2.1023,-4.2472,-4.0953,0.022646,0.55939,-0.36842
1.63E+09,8.63E+08,1.63E+09,-2.7737,-0.047414,0.93041,-0.12971,0.54355,0.12184
1.63E+09,9.63E+08,1.63E+09,-3.2905,2.2749,-1.2808,-0.00062231,0.54528,-0.0066254
1.63E+09,6.33E+07,1.63E+09,-3.7727,-2.1353,-1.8104,0.16058,0.54096,0.0078653
1.63E+09,1.63E+08,1.63E+09,-6.1248,-3.1724,0.34587,0.089932,0.56231,-0.17525
1.63E+09,2.64E+08,1.63E+09,-2.5957,-2.629,-0.29712,0.37303,0.57624,-0.033951
1.63E+09,3.64E+08,1.63E+09,-3.8158,-1.4299,0.1409,-0.58718,0.5124,-0.14727
1.63E+09,4.64E+08,1.63E+09,-4.8234,0.090584,-1.8471,-0.076054,0.52412,-0.17899
1.63E+09,5.64E+08,1.63E+09,-8.5519,4.2263,-3.5165,0.028039,0.53774,0.19497
1.63E+09,6.64E+08,1.63E+09,-3.7683,4.4761,-2.6787,-0.007739,0.54975,-0.039101
1.63E+09,9.64E+08,1.63E+09,-7.8985,-4.625,-4.5601,0.061549,0.54,0.050608
1.63E+09,1.64E+08,1.63E+09,-7.5479,-0.42437,-5.6345,-0.23086,0.54527,-0.046666
1.63E+09,3.65E+08,1.63E+09,-7.088,-2.7772,-5.7043,0.25494,0.55986,-0.018299
1.63E+09,4.65E+08,1.63E+09,-8.9994,-3.0163,-6.7362,0.19698,0.5648,-0.03211
1.63E+09,6.65E+08,1.63E+09,-11.087,-0.35202,-8.2835,0.0064886,0.53291,-0.017306
1.63E+09,8.65E+08,1.63E+09,-10.017,0.20733,-14.973,0.16185,0.55114,0.2635
1.63E+09,1.66E+08,1.63E+09,-8.6968,-1.886,-7.7046,-0.21154,0.53268,0.25151
1.63E+09,5.66E+08,1.63E+09,-9.8611,-2.0124,-10.588,-0.15487,0.53981,0.27211
1.63E+09,7.66E+08,1.63E+09,-7.9593,1.8968,-6.9638,0.20166,0.54899,-0.0049913
1.63E+09,9.66E+08,1.63E+09,-6.3631,-2.6912,-10.369,-0.48603,0.52227,-0.12302
1.63E+09,6.64E+07,1.63E+09,-7.7302,0.1615,-15.208,0.37008,0.53324,-0.0027099
1.63E+09,2.67E+08,1.63E+09,-7.6718,-2.9821,-13.724,-0.059371,0.55655,-0.022809
1.63E+09,4.67E+08,1.63E+09,-6.4013,-0.11419,-12.284,0.48593,0.53922,-0.079702
1.63E+09,9.67E+08,1.63E+09,-2.5228,-0.68863,-17.442,-0.2377,0.52337,0.39381
1.63E+09,6.74E+07,1.63E+09,-2.0092,-1.2094,-19.626,0.13225,0.53167,0.36802
1.63E+09,6.68E+08,1.63E+09,-1.0519,-2.3534,-20.662,0.0080119,0.549,-0.034063
1.63E+09,7.68E+08,1.63E+09,-1.0685,-0.84339,-20.97,-0.051528,0.56767,-0.17259
1.63E+09,8.68E+08,1.63E+09,1.1786,3.3971,-19.501,0.45523,0.56829,-0.35806
1.63E+09,9.68E+08,1.63E+09,0.49206,-2.9706,-19.207,0.15004,0.55158,-0.15931
1.63E+09,1.69E+08,1.63E+09,3.2117,1.5265,-27.594,-0.17125,0.51907,-0.16769
1.63E+09,7.69E+08,1.63E+09,3.1928,-1.6557,-18.123,-0.018635,0.53474,-0.11085
1.63E+09,9.69E+08,1.63E+09,5.4832,1.8854,-22.858,0.4733,0.57105,-0.098715
1.63E+09,6.95E+07,1.63E+09,6.8423,-3.6491,-16.61,-0.29664,0.52896,-0.11996
1.63E+09,2.70E+08,1.63E+09,8.3359,1.4187,-20.249,-0.061546,0.54286,0.017492
1.63E+09,7.70E+08,1.63E+09,9.0891,-1.0715,-15.641,-0.11744,0.54209,0.2151
1.63E+09,9.70E+08,1.63E+09,10.73,-2.8657,-13.065,0.32279,0.55441,-0.090101
1.63E+09,7.05E+07,1.63E+09,7.1047,-2.0924,-14.306,-0.81705,0.54404,0.0069419
1.63E+09,9.71E+08,1.63E+09,12.238,0.65824,-13.88,-0.024252,0.53595,0.024448
1.63E+09,1.72E+08,1.63E+09,9.9669,-3.0412,-3.769,-0.21002,0.53502,-0.10548
1.63E+09,4.72E+08,1.63E+09,10.225,0.74907,-7.0092,-0.12367,0.55835,-0.26035
1.63E+09,5.72E+08,1.63E+09,9.9519,1.6076,-4.6432,0.14524,0.56372,-0.56286
1.63E+09,9.72E+08,1.63E+09,8.6992,-4.3204,-6.6599,0.24229,0.54314,-0.052775
1.63E+09,5.73E+08,1.63E+09,6.8764,1.8957,-5.2915,-0.12428,0.51633,0.39895
1.63E+09,9.73E+08,1.63E+09,4.036,1.0206,0.65842,0.29687,0.55992,-0.0099671
1.63E+09,7.35E+07,1.63E+09,5.8225,-1.34,3.5825,0.31684,0.53564,-0.017043
1.63E+09,1.74E+08,1.63E+09,3.6009,1.0963,-8.2633,0.020733,0.54379,0.15922
1.63E+09,3.74E+08,1.63E+09,2.2978,-0.13382,-2.5056,0.38605,0.53823,0.25771
1.63E+09,5.74E+08,1.63E+09,1.6946,-1.5485,-1.863,-0.36176,0.54135,-0.31244
1.63E+09,7.74E+08,1.63E+09,-1.0036,-1.4851,3.1859,0.018736,0.56179,-0.036648
1.63E+09,9.74E+08,1.63E+09,-0.93326,-0.70478,0.50287,-0.095423,0.53059,0.044744
1.63E+09,1.75E+08,1.63E+09,-0.4311,-1.1925,2.6814,0.16774,0.54915,0.10468
1.63E+09,3.75E+08,1.63E+09,-2.4734,0.53986,-1.1844,0.16707,0.54966,-0.039342
1.63E+09,5.75E+08,1.63E+09,-3.5,-0.55315,-2.3205,-0.23856,0.53426,-0.10565
1.63E+09,7.75E+08,1.63E+09,-6.5251,0.87091,-5.8426,-0.062904,0.55043,-0.069593
1.63E+09,8.75E+08,1.63E+09,-5.303,1.2456,-0.60986,0.0073066,0.55171,-0.28359
1.63E+09,7.55E+07,1.63E+09,-3.6726,-1.4246,-4.6782,-0.15779,0.53067,-0.26798
1.63E+09,3.76E+08,1.63E+09,-11.05,-5.8755,-4.9495,-0.004077,0.56336,0.094614
1.63E+09,1.77E+08,1.63E+09,-10.768,-1.4862,-13.877,-0.26229,0.53133,0.53415
1.63E+09,3.77E+08,1.63E+09,-11.157,-0.21807,-9.658,-0.08368,0.54525,0.075808
1.63E+09,5.77E+08,1.63E+09,-10.927,-0.4335,-11.375,-0.166,0.53245,0.038687
1.63E+09,8.77E+08,1.63E+09,-9.3621,0.81614,-8.6982,0.41007,0.54034,0.18275
1.63E+09,4.78E+08,1.63E+09,-7.9616,2.138,-9.6844,0.2806,0.55076,0.094241
1.63E+09,1.78E+08,1.63E+09,-4.1755,1.809,-16.377,0.4978,0.54413,-0.39483
1.63E+09,4.79E+08,1.63E+09,-5.1904,4.7498,-18.965,-0.12833,0.5488,0.16098
1.63E+09,6.79E+08,1.63E+09,-2.6295,1.9917,-18.73,0.1635,0.54678,-0.43163
1.63E+09,9.79E+08,1.63E+09,-2.7294,-1.0031,-22.963,-0.1727,0.58173,-1.6863
1.63E+09,3.80E+08,1.63E+09,1.1644,2.731,-19.16,0.063338,0.54455,-0.1836
1.63E+09,5.80E+08,1.63E+09,1.057,0.43593,-19.475,0.012844,0.55354,-0.02416
1.63E+09,7.80E+08,1.63E+09,3.1492,0.057717,-19.098,-0.0032905,0.54115,0.014372
1.63E+09,8.02E+07,1.63E+09,4.3582,-1.7713,-18.45,-0.20879,0.51642,1.0126
1.63E+09,5.81E+08,1.63E+09,6.6982,-0.87953,-17.258,0.014554,0.54248,-0.0055037
1.63E+09,6.81E+08,1.63E+09,6.883,-5.4552,-17.516,0.09747,0.53563,0.16837
1.63E+09,8.11E+07,1.63E+09,8.7114,6.4906,-21.251,0.70385,0.54847,0.38287
1.63E+09,3.81E+08,1.63E+09,9.3467,2.9053,-13.751,-0.046806,0.53055,0.19272
1.63E+09,8.21E+07,1.63E+09,11.639,1.6299,-10.676,-0.062731,0.58682,-1.1824
1.63E+09,2.83E+08,1.63E+09,4.4775,5.0869,-3.7012,-0.031507,0.54322,-0.13579
1.63E+09,5.83E+08,1.63E+09,3.5682,12.683,-1.9822,-0.10743,0.54388,-0.002589
1.63E+09,6.83E+08,1.63E+09,2.5458,6.4184,-2.3019,-0.069405,0.54422,0.032075
1.63E+09,9.84E+08,1.63E+09,2.6899,5.1205,-1.5135,0.17967,0.53446,0.24193
1.63E+09,8.38E+07,1.63E+09,-0.39012,5.9283,-4.4465,-0.078833,0.54935,-0.001747
1.63E+09,1.84E+08,1.63E+09,2.6743,6.8285,-3.0645,-0.12145,0.53102,-0.017399
1.63E+09,5.84E+08,1.63E+09,-0.33603,5.907,-2.2556,-0.013555,0.54613,0.017371
1.63E+09,6.84E+08,1.63E+09,-0.81097,6.847,-1.9827,0.01159,0.54221,-0.040056
1.63E+09,9.85E+08,1.63E+09,-2.0575,6.8011,-2.0521,0.0059763,0.54849,0.0019975
1.63E+09,8.47E+07,1.63E+09,-2.7682,8.2051,-2.068,-0.037164,0.5504,-0.013415
1.63E+09,3.85E+08,1.63E+09,-3.7339,5.595,-3.1577,0.020831,0.56253,-0.63384
1.63E+09,4.85E+08,1.63E+09,-4.8426,6.8821,-4.1368,-0.083745,0.56105,-0.72817
1.63E+09,8.85E+08,1.63E+09,-7.2696,4.7826,-2.5692,-0.065508,0.5357,0.21487
1.63E+09,4.86E+08,1.63E+09,-7.1042,7.9981,-6.3968,0.054213,0.53468,0.38781
1.63E+09,5.86E+08,1.63E+09,-7.1121,6.5807,-6.7258,0.078841,0.53715,0.21065
1.63E+09,1.87E+08,1.63E+09,-9.1551,6.5741,-8.5423,-0.10146,0.54324,0.019668
1.63E+09,2.87E+08,1.63E+09,-8.9902,6.3055,-5.7407,0.20717,0.52331,0.60987
1.63E+09,6.87E+08,1.63E+09,-5.1963,11.925,-12.725,-0.071958,0.51249,1.3924
1.63E+09,9.87E+08,1.63E+09,-2.4527,8.2107,-6.9864,-0.042341,0.51485,0.98354
1.63E+09,8.73E+07,1.63E+09,0.97762,9.215,-5.6766,-0.049024,0.51619,0.65523
1.63E+09,1.87E+08,1.63E+09,1.6632,11.104,-9.8563,-0.081626,0.53924,0.5615
1.63E+09,2.87E+08,1.63E+09,-0.42494,11.662,-12.349,-0.25375,0.52261,0.53319
1.63E+09,5.88E+08,1.63E+09,3.9104,8.7779,-8.7296,0.031371,0.51686,0.86779
1.63E+09,8.88E+08,1.63E+09,6.864,9.9837,-9.371,-0.12735,0.52981,0.61684
1.63E+09,9.88E+08,1.63E+09,7.2408,10.082,-8.8812,-0.036677,0.54287,0.033685
1.63E+09,8.82E+07,1.63E+09,6.573,7.6404,-8.7738,0.056447,0.547,-0.0627
1.63E+09,1.88E+08,1.63E+09,8.1035,5.9574,-7.0637,-0.055388,0.53725,0.37379
1.63E+09,2.88E+08,1.63E+09,7.1619,5.0836,-6.4844,-0.19755,0.52906,0.54812
1.63E+09,5.89E+08,1.63E+09,8.2494,7.3035,-7.5221,0.128,0.52368,0.70276
1.63E+09,8.89E+08,1.63E+09,6.8565,8.8263,-4.8393,-0.09763,0.54072,-0.019851
1.63E+09,1.89E+08,1.63E+09,7.2158,-0.095489,-6.165,0.38534,0.55697,0.13288
1.63E+09,2.89E+08,1.63E+09,7.4276,1.0415,-3.2986,0.073569,0.54592,0.10169
1.63E+09,6.90E+08,1.63E+09,5.0081,9.0862,-1.325,-0.081141,0.53994,-0.001809
1.63E+09,6.90E+08,1.63E+09,-2.7279,4.5272,-3.595,-0.28972,0.55516,0.04334
1.63E+09,7.90E+08,1.63E+09,1.0683,8.5911,-6.0547,-0.20467,0.5383,-0.13873
1.63E+09,8.90E+08,1.63E+09,0.64997,11.521,-1.8674,0.5457,0.5614,-0.03709
1.63E+09,8.91E+08,1.63E+09,-4.2919,4.6045,-2.9916,0.0004843,0.54525,-0.0054231
1.63E+09,3.92E+08,1.63E+09,-5.7643,2.556,-4.3646,0.049434,0.55021,-0.0021828
1.63E+09,9.23E+07,1.63E+09,-9.1343,6.7847,-8.6694,-0.10365,0.54753,-0.062805
1.63E+09,5.93E+08,1.63E+09,-9.1945,4.1677,-3.817,0.25854,0.55954,0.28838
1.63E+09,6.93E+08,1.63E+09,-5.6423,3.2193,-13.042,-0.31674,0.52219,0.040676
1.63E+09,7.93E+08,1.63E+09,-8.8389,5.914,-8.821,-0.27179,0.52767,0.16389
1.63E+09,9.93E+08,1.63E+09,-9.1918,3.5534,-12.094,-0.11118,0.53651,-0.044989
1.63E+09,5.93E+08,1.63E+09,-5.2303,0.89352,-14.597,0.28479,0.53551,0.23637
1.63E+09,6.94E+08,1.63E+09,-5.6715,3.5712,-14.521,-0.28378,0.51731,0.42975
1.63E+09,1.94E+08,1.63E+09,-4.5229,4.4573,-16.133,0.17983,0.52328,0.23348
1.63E+09,6.94E+08,1.63E+09,-2.8487,4.0712,-14.794,0.021979,0.55587,-0.31185
1.63E+09,2.95E+08,1.63E+09,-1.7913,3.7777,-19.362,0.17166,0.552,-0.029856
1.63E+09,9.95E+08,1.63E+09,-1.1475,4.5776,-16.321,-0.48926,0.54665,0.023737
1.63E+09,7.96E+08,1.63E+09,2.6232,2.1088,-18.169,0.35362,0.5593,0.089127
1.63E+09,9.96E+08,1.63E+09,4.4447,0.4276,-16.634,1.0912,0.58148,0.19749
1.63E+09,9.62E+07,1.63E+09,7.79,-6.5659,-23.853,0.55246,0.53377,0.42008
1.63E+09,3.96E+08,1.63E+09,6.1374,-0.17388,-16.092,-1.2417,0.52012,0.2743
1.63E+09,6.97E+08,1.63E+09,8.2198,1.3386,-15.73,0.6918,0.53039,0.29906
1.63E+09,9.97E+08,1.63E+09,8.6181,0.20897,-12.248,-0.17568,0.55124,0.10567
1.63E+09,1.97E+08,1.63E+09,9.0365,4.7236,-13.369,-0.14931,0.54685,-0.078176
1.63E+09,2.97E+08,1.63E+09,10.747,0.036516,-14.954,0.43878,0.52037,0.10539
1.63E+09,5.97E+08,1.63E+09,8.2314,1.1701,-16.566,-0.62365,0.58864,-0.77192
1.63E+09,9.98E+08,1.63E+09,7.7947,4.2368,-7.9733,-0.05929,0.5555,-0.16917
1.63E+09,3.98E+08,1.63E+09,10.604,0.91251,-4.0875,0.033537,0.5139,-0.35774
1.63E+09,4.98E+08,1.63E+09,4.9138,4.4639,-3.6513,0.16209,0.54719,0.25452
1.63E+09,8.98E+08,1.63E+09,7.7049,4.5,-5.2824,0.30106,0.53261,0.035372
1.63E+09,3.99E+08,1.63E+09,6.7262,-1.2983,-6.4605,-0.94134,0.51102,-0.035893
1.63E+09,4.99E+08,1.63E+09,5.0088,8.8317,-1.1781,-0.13742,0.55033,0.14885
1.63E+09,7.99E+08,1.63E+09,3.8986,0.011245,-0.037614,0.2074,0.55643,0.29498
1.63E+09,8.99E+08,1.63E+09,5.5367,1.5707,-6.7356,-0.46781,0.5055,0.56436
1.63E+09,1.99E+08,1.63E+09,4.598,4.8864,0.44985,-0.18372,0.52973,0.2369
1.63E+09,2.99E+08,1.63E+09,2.436,7.048,-0.16184,-0.057582,0.54562,0.12502
1.63E+09,7.00E+08,1.63E+09,2.0611,2.5504,2.2377,0.077536,0.53708,0.68925
1.63E+09,1.00E+09,1.63E+09,-0.12601,5.1919,0.023838,-0.12876,0.53196,0.23754
1.63E+09,9.99E+07,1.63E+09,-0.29502,5.8522,-0.53332,-0.030508,0.55142,-0.023396
1.63E+09,5.00E+08,1.63E+09,-2.8622,-0.41434,0.015965,0.086783,0.54338,-0.03207
1.63E+09,2.01E+08,1.63E+09,-6.0423,4.1049,-2.4218,0.14481,0.53476,0.055473
1.63E+09,3.01E+08,1.63E+09,-6.2548,2.2174,-2.3487,0.11136,0.54735,-0.0032908
1.63E+09,1.22E+06,1.63E+09,-7.2739,3.61,-6.7719,-0.091656,0.55495,0.011418
1.63E+09,2.01E+08,1.63E+09,-8.3435,1.8273,-6.8482,0.072709,0.54956,0.037367
1.63E+09,3.01E+08,1.63E+09,-9.6105,-2.4596,-7.3079,0.0074604,0.55233,-0.22267
1.63E+09,5.02E+08,1.63E+09,-7.9648,-2.3298,-7.4146,0.1754,0.53933,0.16196
1.63E+09,6.02E+08,1.63E+09,-9.8783,-1.2745,-6.2791,-0.1295,0.54085,-0.052212
1.63E+09,1.93E+06,1.63E+09,-9.1272,6.1798,-11.737,-0.098404,0.54962,0.01925
1.63E+09,7.02E+08,1.63E+09,-6.5384,-3.0133,-14.337,-0.075928,0.55382,-0.63909
1.63E+09,6.03E+08,1.63E+09,-3.7573,-3.0167,-16.357,-0.1297,0.56294,-0.66033
1.63E+09,7.03E+08,1.63E+09,-3.9151,-4.6658,-17.137,0.20467,0.56709,-0.64907
1.63E+09,1.03E+08,1.63E+09,-1.5739,-5.3575,-17.753,-0.043677,0.53754,0.0060676
1.63E+09,7.04E+08,1.63E+09,0.56999,-6.8903,-17.789,0.01441,0.5629,-0.4446
1.63E+09,2.04E+08,1.63E+09,4.7125,-2.3847,-17.794,-0.082849,0.56599,-1.0059
1.63E+09,3.04E+08,1.63E+09,4.6189,-3.6677,-13.801,0.20457,0.58478,-0.84775
1.63E+09,7.04E+08,1.63E+09,7.2919,-4.944,-14.387,0.065904,0.5673,-0.55002
1.63E+09,1.05E+08,1.63E+09,7.5689,-3.6107,-11.045,-0.11236,0.5541,-0.41265
1.63E+09,4.05E+08,1.63E+09,9.3328,-0.62532,-12.881,-0.11958,0.57454,-0.69688
1.63E+09,5.05E+08,1.63E+09,9.8808,1.3186,-10.745,0.18156,0.58084,-0.73103
1.63E+09,2.05E+08,1.63E+09,8.1189,-2.3134,-6.8616,-0.17773,0.54677,0.3338
1.63E+09,4.06E+08,1.63E+09,8.7469,-0.29217,-1.5275,-0.029654,0.54044,0.17516
1.63E+09,6.06E+08,1.63E+09,6.583,4.8864,-2.6255,0.092147,0.54527,0.045082
1.63E+09,9.06E+08,1.63E+09,6.4326,-0.48065,-2.841,-0.068758,0.55036,0.00092779
1.63E+09,5.95E+06,1.63E+09,6.3677,0.44104,-2.3845,0.0058564,0.54872,-0.0027339
1.63E+09,3.06E+08,1.63E+09,4.6514,0.074701,-1.2801,-0.0045836,0.55087,-0.0081689
1.63E+09,7.06E+08,1.63E+09,2.4957,0.18942,-0.36222,-0.006201,0.54748,-0.0088329
1.63E+09,8.06E+08,1.63E+09,1.9726,0.14655,-0.25571,0.0033014,0.54305,-0.0039058
1.63E+09,9.07E+08,1.63E+09,1.3966,0.22963,-0.15911,-0.0022406,0.54004,-0.00040875
1.63E+09,6.07E+08,1.63E+09,-2.3103,0.17916,-0.24449,6.09E-05,0.54062,-0.0051159
1.63E+09,8.07E+08,1.63E+09,-3.3299,0.20521,-0.53827,-0.00032943,0.5533,-0.0024394
1.63E+09,1.07E+08,1.63E+09,-4.7054,0.17247,-1.1373,-0.0001707,0.53938,-0.00077357
1.63E+09,6.08E+08,1.63E+09,-6.7271,0.13512,-2.5203,-0.0015452,0.54295,-0.0051832
1.63E+09,7.08E+08,1.63E+09,-7.0226,0.11965,-2.7762,0.0030768,0.54804,-0.0042876
1.63E+09,5.08E+08,1.63E+09,-9.14,0.063437,-5.8136,-0.0029073,0.53789,-0.000308
1.63E+09,7.08E+08,1.63E+09,-9.4525,0.047589,-6.642,0.0026305,0.53752,-0.0020901
1.63E+09,8.08E+08,1.63E+09,-9.605,0.039153,-7.1573,-0.00070967,0.54952,-0.0024854
1.63E+09,3.09E+08,1.63E+09,-9.9551,0.03373,-9.373,-8.41E-05,0.54771,-0.0050039
1.63E+09,1.09E+08,1.63E+09,-9.4636,0.01948,-12.9,0.0034346,0.55163,-0.0052867
1.63E+09,2.09E+08,1.63E+09,-9.3575,0.040553,-13.227,-0.00078146,0.54954,-0.0042874
1.63E+09,3.09E+08,1.63E+09,-9.1572,0.025812,-13.724,-0.0026147,0.5438,-0.0029278
1.63E+09,4.09E+08,1.63E+09,-9.013,0.047348,-14.023,0.0021023,0.53974,-0.00086793
1.63E+09,7.10E+08,1.63E+09,-8.3178,0.061901,-15.244,0.0018902,0.54584,-0.0051888
1.63E+09,8.10E+08,1.63E+09,-8.0156,0.053502,-15.67,0.0016431,0.54846,-0.0039596
1.63E+09,2.10E+08,1.63E+09,-6.8166,0.089644,-17.008,0.00070507,0.54862,-0.0046529
1.63E+09,5.10E+08,1.63E+09,-5.6776,0.11029,-17.901,-0.0026847,0.54492,-0.0029333
1.63E+09,8.10E+08,1.63E+09,-4.4055,0.13285,-18.623,0.0021037,0.5433,-0.0048471
1.63E+09,1.10E+08,1.63E+09,-3.006,0.14497,-19.15,0.0023361,0.55179,-0.0035019
1.63E+09,9.11E+08,1.63E+09,1.06,0.25649,-19.478,0.0020565,0.54612,-0.0026198
1.63E+09,1.10E+07,1.63E+09,1.5866,0.25648,-19.426,0.0030179,0.54185,-0.00067123
1.63E+09,3.11E+08,1.63E+09,3.1693,0.28377,-18.988,0.0036921,0.54511,-0.0025391
1.63E+09,6.11E+08,1.63E+09,4.6629,0.30286,-18.283,-0.00025554,0.54434,-0.0016971
1.63E+09,9.12E+08,1.63E+09,6.1216,0.35375,-17.287,-0.0014019,0.53946,-0.0039675
1.63E+09,2.12E+08,1.63E+09,7.3209,0.37428,-16.061,0.0016467,0.55146,-0.0044104
1.63E+09,7.12E+08,1.63E+09,8.8322,0.41198,-13.539,0.0019283,0.551,-0.0028982
1.63E+09,1.12E+08,1.63E+09,9.4513,0.44145,-11.352,0.0011406,0.53951,-0.0040354
1.63E+09,6.13E+08,1.63E+09,9.4903,0.47482,-8.3936,0.0045722,0.54729,-0.0024642
1.63E+09,9.13E+08,1.63E+09,9.0358,0.4869,-6.5792,0.00015233,0.54883,-0.0039109
1.63E+09,1.28E+07,1.63E+09,8.8488,0.48906,-6.0861,0.0018613,0.54156,-0.002767
1.63E+09,5.13E+08,1.63E+09,7.3593,0.50441,-3.5998,-0.00024391,0.54807,-0.002998
1.63E+09,7.13E+08,1.63E+09,6.5456,0.49559,-2.7139,0.0011655,0.54825,-0.0016581
1.63E+09,1.34E+07,1.63E+09,5.237,0.50109,-1.6905,0.0020399,0.5395,-0.0033035
1.63E+09,3.14E+08,1.63E+09,3.7651,0.50812,-0.86751,0.00038807,0.54334,-0.00033511
1.63E+09,5.14E+08,1.63E+09,2.7198,0.50441,-0.49367,0.0067078,0.54505,-0.0028466
1.63E+09,9.14E+08,1.63E+09,0.5797,0.49645,-0.073272,0.0018982,0.54926,-0.0012939
1.63E+09,4.14E+08,1.63E+09,-2.0529,0.47876,-0.23441,0.0014768,0.54785,-0.0036823
1.63E+09,6.14E+08,1.63E+09,-3.0865,0.47893,-0.46859,0.002224,0.54548,-0.003337
1.63E+09,7.14E+08,1.63E+09,-3.5595,0.47146,-0.6402,0.0019774,0.55034,0.001275
1.63E+09,2.15E+08,1.63E+09,-5.7966,0.4664,-1.8137,0.0020132,0.55038,-0.0042621
1.63E+09,3.15E+08,1.63E+09,-6.2247,0.46,-2.1295,0.0039086,0.54247,-0.0024505
1.63E+09,9.15E+08,1.63E+09,-8.2032,0.45433,-4.2385,0.001017,0.55014,-0.0053985
1.63E+09,1.51E+07,1.63E+09,-8.4952,0.43791,-4.6684,0.00037901,0.54511,-0.0041667
1.63E+09,1.15E+08,1.63E+09,-8.763,0.44555,-5.1344,0.00085297,0.54882,-0.0036893
1.63E+09,3.15E+08,1.63E+09,-9.1699,0.44267,-5.9917,-0.00086119,0.54861,-0.0018171
1.63E+09,4.15E+08,1.63E+09,-9.3172,0.43973,-6.3707,0.0023315,0.54597,-0.0022086
1.63E+09,7.16E+08,1.63E+09,-9.7263,0.43782,-7.7567,-0.0014274,0.54794,-0.0010218
1.63E+09,9.16E+08,1.63E+09,-9.8736,0.43343,-8.6757,0.0012159,0.54629,-0.0051426
1.63E+09,4.16E+08,1.63E+09,-9.8643,0.4272,-11.011,-0.0025603,0.54149,-0.0026481
1.63E+09,5.16E+08,1.63E+09,-9.7921,0.42864,-11.56,0.0030969,0.54593,-0.0039793
1.63E+09,8.16E+08,1.63E+09,-9.4193,0.42044,-12.954,0.002617,0.54958,-0.0032651
1.63E+09,2.16E+08,1.63E+09,-8.6787,0.41701,-14.595,0.0018728,0.53993,-0.0031263
1.63E+09,8.17E+08,1.63E+09,-6.878,0.42066,-16.909,-0.00071294,0.54137,-0.0030601
1.63E+09,5.17E+08,1.63E+09,-4.0537,0.4576,-18.775,0.0017143,0.54194,-0.0038908
1.63E+09,9.17E+08,1.63E+09,-2.1419,0.49186,-19.341,-9.05E-06,0.54584,-0.0016557
1.63E+09,5.18E+08,1.63E+09,0.99109,0.54542,-19.489,-0.0012844,0.54801,-0.00089596
1.63E+09,7.18E+08,1.63E+09,2.0593,0.56232,-19.299,-0.00064242,0.54473,-0.0032073
1.63E+09,2.18E+08,1.63E+09,4.6065,0.61937,-18.294,0.0038077,0.5468,-0.0037644
1.63E+09,5.18E+08,1.63E+09,5.9837,0.66117,-17.347,0.0044712,0.54573,-0.00378
1.63E+09,1.18E+08,1.63E+09,8.175,0.72856,-14.806,0.0016709,0.54107,-0.00032824
1.63E+09,3.19E+08,1.63E+09,8.7074,0.75084,-13.746,-8.53E-05,0.55033,-0.001348
1.63E+09,4.19E+08,1.63E+09,8.9521,0.77956,-13.158,0.0012792,0.54454,-0.0043114
1.63E+09,5.19E+08,1.63E+09,9.1224,0.77885,-12.631,-0.0034279,0.54882,-0.0021631
1.63E+09,6.19E+08,1.63E+09,9.2681,0.78411,-12.137,0.0031519,0.54351,-0.0015708
1.63E+09,7.19E+08,1.63E+09,9.3957,0.80598,-11.497,0.001088,0.54383,0.0012486
1.63E+09,8.19E+08,1.63E+09,9.4703,0.81201,-10.965,0.0021721,0.54791,-0.0049165
1.63E+09,9.19E+08,1.63E+09,9.53,0.82987,-10.317,0.0036519,0.543,-0.0034297
1.63E+09,1.89E+07,1.63E+09,9.5368,0.82817,-9.7828,0.0027807,0.54144,-0.0028758
1.63E+09,1.19E+08,1.63E+09,9.5258,0.83623,-9.2621,-0.0033291,0.54883,-0.0050232
