Sec,NanoSec,0-ref Sec,Latitude,Longitude,Altitude
1632492868,419769779,0,42.29528504,-83.70960028,238.401
1632492868,469687528,0.049917698,42.29528544,-83.70960017,238.493
1632492868,519629657,0.099859953,42.2952854,-83.70960003,238.582
1632492868,569771842,0.150002003,42.29528502,-83.70959985,238.441
1632492868,619728818,0.19995904,42.29528912,-83.70960323,239.613
1632492868,672688127,0.252918482,42.29528907,-83.70960364,239.442
1632492868,719520113,0.299750328,42.29529034,-83.70960253,240.472
1632492868,769410238,0.349640369,42.29529041,-83.70960251,240.461
1632492868,820347687,0.400578022,42.29529026,-83.70960245,240.409
1632492868,869312185,0.449542522,42.29529022,-83.70960239,240.49
1632492868,919246820,0.499477148,42.2952904,-83.70960252,240.577
1632492868,969166587,0.549396753,42.29529052,-83.70960255,240.587
1632492869,19152195,0.599382401,42.29529126,-83.70960303,240.841
1632492869,70097151,0.650327444,42.29529112,-83.70960275,240.934
1632492869,120054881,0.700285196,42.29529115,-83.70960276,240.935
1632492869,170976498,0.751206636,42.29529125,-83.70960282,240.972
1632492869,219920698,0.800150871,42.29529111,-83.70960268,240.919
1632492869,270060826,0.850291014,42.29529078,-83.70960235,240.959
1632492869,320462027,0.900692225,42.29529081,-83.70960231,240.985
1632492869,369840423,0.95007062,42.29529078,-83.70960238,240.99
1632492869,419733268,0.999963522,42.2952908,-83.70960235,240.982
1632492869,469762470,1.0499928,42.2952908,-83.7096023,240.986
1632492869,519684834,1.099915028,42.29529075,-83.70960228,240.959
1632492869,569605904,1.149836063,42.29529069,-83.70960225,240.949
1632492869,619646713,1.199877024,42.29529104,-83.70960244,241.07
1632492869,672548853,1.252779007,42.2952776,-83.70959409,236.536
1632492869,719519656,1.299749851,42.29527741,-83.70959398,236.466
1632492869,769501615,1.349731922,42.2952774,-83.70959392,236.448
1632492869,819434123,1.399664402,42.29527736,-83.70959388,236.437
1632492869,869316729,1.449547052,42.29527778,-83.709594,236.661
1632492869,919353196,1.499583483,42.29527791,-83.70959409,236.703
1632492869,969264151,1.549494505,42.29527789,-83.70959403,236.668
1632492870,19177443,1.599407673,42.29527785,-83.70959403,236.668
1632492870,70149719,1.650379896,42.29527838,-83.70959439,236.75
1632492870,120083253,1.700313568,42.29527805,-83.70959419,236.63
1632492870,170058433,1.750288725,42.2952778,-83.70959423,236.577
1632492870,220100292,1.800330639,42.29527846,-83.70959448,236.802
1632492870,270088691,1.850318909,42.29527729,-83.70959415,236.27
1632492870,319861657,1.900091887,42.29527728,-83.70959417,236.278
1632492870,370047375,1.950277567,42.29527777,-83.70959429,236.425
1632492870,419775497,2.000005722,42.29527773,-83.70959426,236.41
1632492870,469776008,2.050006151,42.29527846,-83.70959455,236.676
1632492870,519718974,2.099949121,42.29527846,-83.70959457,236.682
1632492870,569606302,2.14983654,42.29527848,-83.70959455,236.667
1632492870,619570493,2.19980073,42.29527844,-83.70959452,236.667
1632492870,672500986,2.252731323,42.29527886,-83.7095946,236.918
1632492870,719471907,2.299702168,42.29527923,-83.70959502,236.871
1632492870,769423974,2.349654198,42.29527941,-83.70959518,236.955
1632492870,819342115,2.399572372,42.29527842,-83.70959448,236.642
1632492870,870265858,2.450496197,42.29527742,-83.70959433,236.072
1632492870,920415464,2.500645638,42.29527775,-83.70959437,236.141
1632492870,970181158,2.550411463,42.29527857,-83.70959503,236.381
1632492871,20103076,2.600333214,42.29527669,-83.70959386,235.786
1632492871,70252988,2.650483131,42.29526757,-83.70959051,232.587
1632492871,120043869,2.700273991,42.29527794,-83.70959443,236.266
1632492871,171027673,2.751257896,42.29527927,-83.70959542,236.685
1632492871,219930022,2.80016017,42.29527686,-83.70959409,235.881
1632492871,269876511,2.850106716,42.29527619,-83.70959424,235.497
1632492871,319851650,2.900081873,42.29527394,-83.70959323,234.614
1632492871,369786125,2.95001626,42.29527262,-83.70959258,234.156
1632492871,419758932,2.999989271,42.29527141,-83.70959203,233.756
1632492871,469676664,3.049906969,42.29526732,-83.70959044,232.181
1632492871,519640042,3.099870205,42.29526979,-83.70959155,233.121
1632492871,569613451,3.149843693,42.29526956,-83.70959152,233.076
1632492871,619703714,3.199934006,42.29526958,-83.70959154,233.089
1632492871,672474466,3.25270462,42.29526976,-83.70959171,233.042
1632492871,720386696,3.30061698,42.29527004,-83.70959181,233.139
1632492871,769362880,3.349593163,42.29527013,-83.70959173,233.147
1632492871,819221347,3.399451494,42.29527031,-83.70959185,233.203
1632492871,869382983,3.449613333,42.29527031,-83.70959188,233.184
1632492871,919111584,3.499341726,42.29527062,-83.70959205,233.329
1632492871,970095327,3.550325632,42.29527044,-83.70959209,233.271
1632492872,19026130,3.599256277,42.29527037,-83.70959201,233.247
1632492872,69995198,3.650225401,42.29527078,-83.70959237,233.276
1632492872,119925316,3.700155497,42.29527045,-83.70959221,233.142
1632492872,171019991,3.751250267,42.29527061,-83.70959245,233.212
1632492872,219981641,3.800211906,42.29527071,-83.7095925,233.246
1632492872,269760543,3.849990845,42.2952707,-83.70959245,233.228
1632492872,319860391,3.900090694,42.2952704,-83.70959228,233.133
1632492872,369849880,3.950080156,42.29527053,-83.70959254,233.18
1632492872,419570398,3.999800682,42.29527052,-83.7095925,233.155
1632492872,469513838,4.049744129,42.29527037,-83.70959239,233.136
1632492872,519561875,4.099792004,42.29527068,-83.70959246,233.276
1632492872,570426864,4.150657177,42.29527064,-83.70959256,233.254
1632492872,619302957,4.199533224,42.29527088,-83.70959272,233.3
1632492872,672242756,4.252472878,42.29527112,-83.70959305,233.283
1632492872,719400523,4.299630642,42.29527156,-83.70959327,233.47
1632492872,769237199,4.349467516,42.29527135,-83.70959295,233.506
1632492872,819118256,4.399348497,42.29527131,-83.70959273,233.481
1632492872,862108534,4.442338705,NaN,NaN,NaN
1632492872,920242471,4.500472784,42.29527035,-83.70959265,232.945
1632492872,969959811,4.550189972,42.29527009,-83.70959257,232.878
1632492873,19905393,4.600135565,42.29527007,-83.70959237,232.888
1632492873,69909202,4.650139332,42.29527037,-83.70959266,232.86
1632492873,119817556,4.700047731,42.29527111,-83.709593,233.114
1632492873,170822544,4.751052856,42.29527111,-83.70959291,233.098
1632492873,219745273,4.799975395,42.2952712,-83.709593,233.133
1632492873,269669042,4.849899292,42.29527075,-83.70959255,233.2
1632492873,319635667,4.899865866,42.29527181,-83.70959303,233.616
1632492873,369563436,4.949793577,42.29527173,-83.70959289,233.577
1632492873,419477285,4.99970746,42.29527171,-83.70959292,233.585
1632492873,469458096,5.049688339,42.29527157,-83.70959284,233.579
1632492873,519325971,5.099556208,42.29527205,-83.70959301,233.758
1632492873,569338246,5.149568558,42.29527205,-83.709593,233.738
1632492873,619271044,5.199501276,42.2952721,-83.70959299,233.744
1632492873,672271771,5.252501965,42.29527203,-83.70959295,233.769
1632492873,719183716,5.299413919,42.29527159,-83.70959278,233.618
1632492873,770162495,5.350392818,42.2952716,-83.70959269,233.599
1632492873,820079532,5.400309801,42.29527156,-83.70959266,233.594
1632492873,870065452,5.450295687,42.29527163,-83.70959273,233.599
1632492873,919977815,5.500208139,42.29527129,-83.70959257,233.471
1632492873,970011863,5.550242186,42.29527136,-83.70959265,233.493
1632492874,19883099,5.600113392,42.29527139,-83.70959267,233.487
1632492874,69874117,5.650104284,42.29527132,-83.70959254,233.494
1632492874,119825418,5.700055599,42.29527195,-83.70959285,233.753
1632492874,170940230,5.751170397,42.29527203,-83.70959291,233.79
1632492874,219773365,5.800003529,42.29527186,-83.7095928,233.727
1632492874,269816830,5.850047112,42.29527184,-83.70959275,233.742
1632492874,319550316,5.899780512,42.29527261,-83.70959308,234.03
1632492874,369543555,5.949773788,42.29527273,-83.70959323,234.077
1632492874,419476235,5.999706507,42.29527263,-83.70959311,234.026
1632492874,469397477,6.049627781,42.29527213,-83.70959273,234.095
1632492874,519344758,6.099575043,42.29527157,-83.70959249,233.862
1632492874,569305342,6.149535656,42.29527141,-83.70959233,233.807
1632492874,620210130,6.200440407,42.2952714,-83.70959228,233.822
1632492874,672156888,6.252387047,42.29527133,-83.70959217,233.818
1632492874,720093682,6.300323963,42.29527123,-83.70959217,233.768
1632492874,770117217,6.350347519,42.29527125,-83.70959212,233.78
1632492874,819014556,6.399244785,42.29527129,-83.70959219,233.797
1632492874,869990432,6.450220585,42.2952712,-83.70959216,233.762
1632492874,920121977,6.500352144,42.29527165,-83.70959238,233.934
1632492874,969875386,6.550105572,42.29527168,-83.70959236,233.949
1632492875,19963182,6.600193501,42.2952716,-83.70959227,233.903
1632492875,69969128,6.650199413,42.29527165,-83.70959226,233.945
1632492875,119863315,6.700093508,42.29527169,-83.70959228,233.989
1632492875,170641294,6.75087142,42.29527264,-83.70959273,234.31
1632492875,219587067,6.799817324,42.29527176,-83.70959228,233.99
1632492875,269507447,6.849737644,42.29527173,-83.70959226,234.021
1632492875,319492901,6.899723053,42.29527112,-83.70959198,233.74
1632492875,369465001,6.949695349,42.29527099,-83.70959204,233.733
1632492875,419408654,6.999638796,42.29527098,-83.70959205,233.754
1632492875,470347739,7.050577879,42.29527086,-83.70959197,233.768
1632492875,519266387,7.099496603,42.2952707,-83.70959184,233.709
1632492875,570217655,7.150447845,42.29526946,-83.70959125,233.262
1632492875,620305357,7.200535536,42.29526945,-83.70959127,233.288
1632492875,673310863,7.253540993,42.29526982,-83.7095915,233.376
1632492875,725046318,7.305276632,42.29526933,-83.70959135,233.158
1632492875,770051514,7.350281715,42.29526943,-83.70959143,233.121
1632492875,819889548,7.400119781,42.29526959,-83.70959165,233.095
1632492875,869887477,7.450117826,42.29527035,-83.70959209,233.233
1632492875,919833869,7.500064135,42.29526988,-83.70959183,232.894
1632492875,969780682,7.55001092,42.29527017,-83.70959214,232.917
1632492876,19922044,7.600152254,42.29527052,-83.70959234,232.898
1632492876,69714521,7.649944782,42.29527119,-83.70959245,232.994
1632492876,119577657,7.699807882,42.2952713,-83.70959237,232.977
1632492876,170688386,7.750918627,42.29527117,-83.70959227,232.889
1632492876,219470687,7.799700975,42.29527117,-83.70959235,232.788
1632492876,270403608,7.85063386,42.29527103,-83.70959268,232.627
1632492876,319408344,7.899638653,42.29527127,-83.70959323,232.63
1632492876,370309117,7.950539351,42.29527218,-83.70959423,232.871
1632492876,420260920,8.000491142,42.29527299,-83.70959473,232.978
1632492876,470237021,8.050467253,42.29527442,-83.70959511,233.376
1632492876,520176463,8.100406647,42.29527502,-83.70959554,233.396
1632492876,570151284,8.150381565,42.29527495,-83.70959595,233.383
1632492876,620290131,8.200520277,42.29527498,-83.70959607,233.376
1632492876,673080053,8.253310204,42.29527449,-83.70959631,232.96
1632492876,719189136,8.299419403,42.29528729,-83.70959553,235.965
1632492876,768913673,8.349143982,42.29528773,-83.70959559,236.021
1632492876,819066746,8.399296999,42.29528785,-83.70959566,236.009
1632492876,869007481,8.449237823,42.29528742,-83.70959544,235.942
1632492876,918771247,8.499001503,42.29528842,-83.70959605,236.237
1632492876,968753157,8.548983335,42.29528811,-83.70959593,236.035
1632492877,18709887,8.598940134,42.29528847,-83.70959603,236.038
1632492877,68794617,8.649024963,42.29528897,-83.70959666,236.129
1632492877,118597266,8.698827505,42.29529039,-83.70959757,236.474
1632492877,169527784,8.749758005,42.29529086,-83.70959761,236.475
1632492877,218654244,8.798884392,42.29529121,-83.70959769,236.5
1632492877,268408187,8.848638535,42.29529067,-83.70959712,236.666
1632492877,311383036,8.891613245,NaN,NaN,NaN
1632492877,369358738,8.949589014,42.29529035,-83.70959697,236.438
1632492877,418316423,8.9985466,42.29529078,-83.70959758,236.351
1632492877,469240345,9.049470663,42.29529196,-83.70959868,236.28
1632492877,519202313,9.099432468,42.295292,-83.70959878,236.083
1632492877,569176690,9.14940691,42.29529214,-83.70959887,235.992
1632492877,619125505,9.199355841,42.29529257,-83.70959884,235.947
1632492877,671044336,9.251274586,42.29529314,-83.70959892,235.972
1632492877,719184226,9.299414396,42.29529491,-83.70960159,235.317
1632492877,768956531,9.349186659,42.29529503,-83.70960185,235.307
1632492877,818839580,9.399069786,42.29529518,-83.70960194,235.284
1632492877,868807589,9.44903779,42.29529574,-83.70960208,235.22
1632492877,918776410,9.499006748,42.29529446,-83.70960125,234.542
1632492877,968745274,9.548975468,42.29529498,-83.70960183,234.612
1632492878,18681682,9.598912001,42.29529524,-83.70960229,234.583
1632492878,68581590,9.648811817,42.29529772,-83.70960359,235.325
1632492878,118557094,9.698787212,42.29529817,-83.70960378,235.344
1632492878,169699853,9.749930143,42.29529864,-83.70960415,235.391
1632492878,218570080,9.79880023,42.29529889,-83.70960416,235.417
1632492878,268392391,9.848622561,42.29529955,-83.70960449,235.351
1632492878,318272795,9.898503065,42.29530007,-83.70960453,235.431
1632492878,369230317,9.949460506,42.29529897,-83.70960427,234.835
1632492878,419390542,9.999620676,42.29529951,-83.7096048,234.779
1632492878,469346161,10.04957628,42.2953003,-83.70960511,234.853
1632492878,519124053,10.09935427,42.29530102,-83.70960559,234.934
1632492878,568999075,10.14922929,42.29530138,-83.70960561,234.885
1632492878,619093627,10.19932389,42.29530157,-83.70960564,234.833
1632492878,671885612,10.25211596,42.29530151,-83.70960555,234.603
1632492878,718824071,10.29905438,42.295302,-83.70960574,234.676
1632492878,768840030,10.34907031,42.29530252,-83.70960611,234.757
1632492878,818930944,10.3991611,42.29530261,-83.7096063,234.601
1632492878,868666065,10.44889641,42.29529592,-83.70960313,232.17
1632492878,918843339,10.49907351,42.29529618,-83.70960306,232.07
1632492878,968605379,10.54883552,42.29529649,-83.70960277,232.076
1632492879,18555877,10.59878612,42.29529658,-83.70960273,232.072
1632492879,70620541,10.65085077,42.29529493,-83.70960196,231.678
1632492879,118461347,10.69869161,42.2952948,-83.70960209,231.677
1632492879,169464524,10.74969482,42.29529492,-83.70960203,231.717
1632492879,219516539,10.79974675,42.29529534,-83.70960186,231.747
1632492879,269268825,10.84949899,42.29530532,-83.70960862,232.923
1632492879,319229986,10.89946032,42.29530797,-83.70961066,232.798
1632492879,369380473,10.94961071,42.29530991,-83.7096122,232.684
1632492879,419286004,10.99951625,42.29530985,-83.70961184,232.705
1632492879,469140667,11.049371,42.29532147,-83.70962507,228.993
1632492879,519024678,11.09925485,42.29532506,-83.70962825,228.829
1632492879,569007530,11.14923787,42.29532695,-83.7096298,228.726
1632492879,618945043,11.19917536,42.29532779,-83.70963033,228.662
1632492879,672046554,11.2522769,42.29531696,-83.70961734,232.485
1632492879,718814345,11.29904461,42.29531694,-83.70961734,232.469
1632492879,768972562,11.34920287,42.29530969,-83.70961078,232.998
1632492879,818806385,11.39903665,42.29530983,-83.70961079,232.993
1632492879,868712086,11.44894242,42.29529951,-83.70959857,236.538
1632492879,918663877,11.49889421,42.29530593,-83.70960416,236.203
1632492879,969682075,11.54991221,42.29531513,-83.70961258,235.561
1632492880,18583031,11.5988133,42.29531547,-83.70961275,235.542
1632492880,68451969,11.64868212,42.29531051,-83.70960913,234.873
1632492880,118579037,11.69880939,42.29531077,-83.70960922,234.853
1632492880,169424656,11.74965501,42.295317,-83.7096148,234.398
1632492880,219311906,11.79954219,42.29531883,-83.70961626,234.283
1632492880,269468225,11.84969854,42.29531598,-83.70961377,234.126
1632492880,319220349,11.89945054,42.29531865,-83.70961602,233.935
1632492880,369175109,11.94940543,42.29531566,-83.70961302,234.197
1632492880,419273953,11.99950409,42.29535926,-83.7096535,231
1632492880,469083042,12.04931331,42.29536876,-83.70965984,231.761
1632492880,519022701,12.09925294,42.29537065,-83.70966105,231.65
1632492880,569146777,12.14937711,42.2953605,-83.70965141,232.521
1632492880,618898565,12.19912887,42.29536094,-83.70965174,232.553
1632492880,671834741,12.25206494,42.29535874,-83.70964997,232.189
1632492880,718861597,12.29909182,42.29535787,-83.70964901,232.29
1632492880,768957508,12.34918785,42.2953613,-83.70965195,232.03
1632492880,818796681,12.39902687,42.29535319,-83.70964506,232.531
1632492880,868842657,12.44907284,42.29530465,-83.70960409,236.104
1632492880,918626138,12.49885631,42.29530474,-83.70960407,236.159
1632492880,968601741,12.54883194,42.29530411,-83.70960177,236.364
1632492881,18531013,12.59876132,42.29530437,-83.7096022,236.352
1632492881,68502860,12.64873314,42.29530016,-83.70959865,236.771
1632492881,119490602,12.69972086,42.29530077,-83.70959896,236.73
1632492881,169559996,12.74979019,42.29530076,-83.70959723,236.804
1632492881,219285381,12.79951572,42.29530144,-83.70959778,236.723
1632492881,269275069,12.84950519,42.2953079,-83.70960357,235.514
1632492881,319186049,12.89941621,42.2953079,-83.70960389,235.557
1632492881,369223259,12.94945359,42.2953064,-83.70959942,235.993
1632492881,419110725,12.99934101,42.29530669,-83.70959982,236.004
1632492881,469035031,13.04926538,42.29530427,-83.70959784,236.272
1632492881,519028615,13.0992589,42.29530489,-83.70959858,236.407
1632492881,568987898,13.14921808,42.29530601,-83.70960059,236.211
1632492881,618936510,13.19916677,42.29530659,-83.70960103,236.204
1632492881,671893823,13.25212407,42.29531623,-83.709609,235.985
1632492881,718791378,13.29902172,42.29531653,-83.70960925,235.978
1632492881,768809695,13.34904003,42.29532268,-83.7096113,238.414
1632492881,818864305,13.39909458,42.2953228,-83.70961176,238.362
1632492881,868649431,13.44887972,42.29534201,-83.70962787,238.599
1632492881,918627622,13.49885798,42.29534313,-83.70962887,238.706
1632492881,968519630,13.54874992,42.29534618,-83.70963011,239.453
1632492882,18558533,13.59878874,42.29534674,-83.70963054,239.54
1632492882,68427752,13.64865804,42.29534422,-83.70962864,239.563
1632492882,118420473,13.6986506,42.29534533,-83.70962951,239.858
1632492882,169362953,13.74959326,42.29534713,-83.70963025,240.322
1632492882,219228584,13.79945874,42.29533633,-83.70962574,236.244
1632492882,269214294,13.84944463,42.29533857,-83.709628,236.01
1632492882,319163314,13.89939356,42.29533777,-83.70962793,235.482
1632492882,369122740,13.94935298,42.29533766,-83.7096281,235.359
1632492882,419041580,13.99927187,42.29533785,-83.70962844,235.463
1632492882,469009376,14.04923964,42.29534043,-83.70963084,235.269
1632492882,519133261,14.09936357,42.29533978,-83.70963064,234.708
1632492882,569164851,14.14939499,42.29534032,-83.70963055,234.623
1632492882,618805190,14.19903541,42.29534047,-83.70963046,234.554
1632492882,671964898,14.25219512,42.29534602,-83.70963619,233.618
1632492882,718982374,14.29921269,42.2953474,-83.70963703,233.876
1632492882,768698371,14.34892869,42.2953482,-83.70963752,234.041
1632492882,818630077,14.39886022,42.29534806,-83.70963761,233.991
1632492882,868618190,14.44884849,42.29534089,-83.70963042,235.039
1632492882,918580453,14.49881077,42.29534006,-83.70963005,234.59
1632492882,968746472,14.54897666,42.29534077,-83.70963012,234.842
1632492883,18658651,14.59888887,42.2953409,-83.70963024,234.97
1632492883,68579365,14.64880967,42.29533124,-83.70962094,236.471
1632492883,118316407,14.69854665,42.29533091,-83.70962101,236.243
1632492883,169352230,14.74958253,42.29533133,-83.70962125,236.244
1632492883,219286379,14.79951668,42.29533165,-83.70962141,236.259
1632492883,270166669,14.85039687,42.29532899,-83.70961822,237.177
1632492883,318123414,14.89835358,42.29532878,-83.70961818,237.015
1632492883,369083806,14.94931412,42.29532917,-83.70961845,237.076
1632492883,419091279,14.99932146,42.29532974,-83.70961883,237.087
1632492883,469022775,15.04925299,42.29532542,-83.70961533,237.318
1632492883,518967164,15.09919739,42.29532497,-83.70961557,237.103
1632492883,569221860,15.14945221,42.29532528,-83.70961584,237.142
1632492883,618824538,15.19905472,42.29532596,-83.70961603,237.184
1632492883,671779133,15.25200939,42.29532645,-83.70961671,236.778
1632492883,718801251,15.2990315,42.29532625,-83.70961675,236.616
1632492883,768841453,15.34907174,42.29532657,-83.70961703,236.644
1632492883,818654057,15.3988843,42.29532709,-83.70961742,236.636
1632492883,869545829,15.44977617,42.29532238,-83.70961467,235.46
1632492883,918507876,15.49873805,42.2953142,-83.70961122,232.492
1632492883,968481194,15.54871154,42.29531483,-83.70961158,232.581
1632492884,18408226,15.59863853,42.29531536,-83.70961192,232.634
1632492884,69375745,15.64960599,42.29532363,-83.70961497,235.335
1632492884,119348526,15.69957876,42.29532643,-83.7096166,236.007
1632492884,170417835,15.75064802,42.2953299,-83.70961793,236.976
1632492884,219181492,15.79941177,42.29533023,-83.70961819,236.965
1632492884,269313720,15.84954405,42.29533176,-83.70961967,236.806
1632492884,319095223,15.89932537,42.29533177,-83.70961958,236.703
1632492884,369197807,15.94942808,42.29533197,-83.70961943,236.694
1632492884,418987230,15.99921751,42.29533205,-83.70961929,236.702
1632492884,461912932,16.04214311,NaN,NaN,NaN
1632492884,519081530,16.09931183,42.29533068,-83.70961727,237.323
1632492884,569017332,16.14924765,42.29533109,-83.70961743,237.36
1632492884,618944336,16.19917464,42.29533157,-83.70961774,237.238
1632492884,671954714,16.25218487,42.29533204,-83.70961795,237.219
1632492884,718685926,16.2989161,42.29533232,-83.7096182,237.261
1632492884,768679058,16.34890938,42.29533275,-83.70961851,237.329
1632492884,818565471,16.3987956,42.29533289,-83.70961837,237.373
1632492884,868578137,16.44880843,42.29533026,-83.70961548,237.893
1632492884,918495215,16.49872541,42.29533032,-83.70961563,237.766
1632492884,968381048,16.5486114,42.29533054,-83.70961556,237.726
1632492885,18392869,16.59862304,42.29533104,-83.70961547,237.715
1632492885,68352319,16.64858246,42.29533207,-83.70961563,237.703
1632492885,119426775,16.69965696,42.29533255,-83.70961589,237.646
1632492885,169218305,16.74944854,42.29533274,-83.70961639,237.702
1632492885,219155718,16.79938602,42.29533316,-83.70961655,237.715
1632492885,269123303,16.84935355,42.29533685,-83.70961924,238.034
1632492885,319070172,16.89930034,42.29533641,-83.70961903,237.9
1632492885,369220325,16.94945049,42.29533613,-83.70961906,237.867
1632492885,418997576,16.99922776,42.29533608,-83.70961909,237.876
1632492885,469111368,17.04934168,42.29533268,-83.70961556,238.633
1632492885,518923517,17.09915376,42.29533245,-83.70961538,238.554
1632492885,568783096,17.14901328,42.2953284,-83.70961281,237.15
1632492885,618818949,17.19904923,42.29532846,-83.7096129,237.147
1632492885,671645901,17.25187612,42.29532948,-83.70961374,237.025
1632492885,718675834,17.29890609,42.29532986,-83.70961412,237.204
1632492885,768754145,17.34898448,42.29532952,-83.70961446,237.212
1632492885,818503254,17.39873338,42.29532809,-83.7096143,236.651
1632492885,868457447,17.44868779,42.29532769,-83.70961389,236.792
1632492885,918413590,17.49864388,42.29532847,-83.7096144,236.992
1632492885,968403023,17.54863334,42.29532872,-83.70961429,237.066
1632492886,18331329,17.59856153,42.29538609,-83.70967026,228.695
1632492886,68250080,17.64848042,42.29538778,-83.7096712,228.596
1632492886,118397160,17.69862747,42.29538766,-83.70967114,228.477
1632492886,169239888,17.74947023,42.29533103,-83.7096152,236.984
1632492886,218130081,17.79836035,42.29533107,-83.7096152,236.946
1632492886,269023679,17.84925389,42.29532891,-83.70961304,237.105
1632492886,318966740,17.89919686,42.2953298,-83.70961338,237.415
1632492886,368980309,17.94921064,42.29533013,-83.7096138,237.458
1632492886,419086018,17.99931622,42.29533032,-83.7096138,237.44
1632492886,468845287,18.0490756,42.29533038,-83.70961386,237.472
1632492886,518786157,18.09901643,42.29532901,-83.70961303,237.03
1632492886,568876279,18.1491065,42.29532353,-83.70961011,235.138
1632492886,618770810,18.19900107,42.2953237,-83.70960998,235.121
1632492886,671698177,18.25192833,42.2953237,-83.70960985,235.117
1632492886,718589055,18.2988193,42.29532304,-83.70960964,234.95
1632492886,768587730,18.34881806,42.29532304,-83.70960948,234.909
1632492886,818625012,18.39885521,42.29532289,-83.70960963,234.918
1632492886,869390633,18.44962096,42.29532907,-83.70961559,234.47
1632492886,918330830,18.49856114,42.2953343,-83.70961834,236.238
1632492886,969340974,18.54957128,42.2953346,-83.70961858,236.249
1632492887,19501884,18.59973216,42.29535718,-83.70963858,234.556
1632492887,69247500,18.64947772,42.29535715,-83.70963806,234.586
1632492887,119138636,18.69936895,42.2953244,-83.7096107,233.932
1632492887,170155680,18.750386,42.29532514,-83.7096111,233.893
1632492887,219114100,18.7993443,42.29532539,-83.70961159,233.979
1632492887,269123863,18.84935403,42.29532858,-83.70961462,233.733
1632492887,319135224,18.89936543,42.2953372,-83.70961887,236.604
1632492887,368880895,18.94911122,42.29533731,-83.70961908,236.673
1632492887,419025471,18.99925566,42.29533774,-83.7096192,236.766
1632492887,468780532,19.04901075,42.29534174,-83.70962281,236.344
1632492887,518740968,19.09897113,42.29533207,-83.70961803,232.991
1632492887,568699712,19.14892983,42.29533191,-83.70961807,232.84
1632492887,618617521,19.19884777,42.29533222,-83.70961785,232.622
1632492887,671835775,19.2520659,42.29533024,-83.70961616,232.714
1632492887,718514506,19.29874468,42.29533397,-83.70961827,233.901
1632492887,768501653,19.34873199,42.29533433,-83.70961806,233.797
1632492887,818426768,19.39865708,42.2953344,-83.70961788,233.621
1632492887,869414750,19.44964504,42.29533571,-83.70961877,233.449
1632492887,918366430,19.49859667,42.2953418,-83.70962207,235.407
1632492887,969312415,19.54954267,42.29534238,-83.70962261,235.526
1632492888,19208618,19.59943891,42.29534265,-83.70962263,235.587
1632492888,69170648,19.64940095,42.29534049,-83.70962018,235.75
1632492888,119321260,19.69955158,42.2953416,-83.70962045,236.005
1632492888,170084503,19.75031471,42.29534175,-83.70962027,235.973
1632492888,219076534,19.79930687,42.29534192,-83.70962,235.954
1632492888,268949506,19.84917974,42.29534039,-83.70961796,236.003
1632492888,318944246,19.89917445,42.29534231,-83.70961874,236.563
1632492888,368847221,19.94907737,42.2953422,-83.70961898,236.549
1632492888,418826310,19.99905658,42.29534294,-83.70961965,236.534
1632492888,468812489,20.0490427,42.29534482,-83.70962129,236.44
1632492888,518860325,20.09909058,42.29534458,-83.70962121,236.309
1632492888,568688157,20.14891839,42.29534492,-83.70962107,236.26
1632492888,618559025,20.19878936,42.29534526,-83.70962104,236.293
1632492888,671488962,20.25171924,42.29534574,-83.70962106,236.272
1632492888,718483768,20.29871392,42.29534605,-83.7096209,236.211
1632492888,768403326,20.34863353,42.2953463,-83.70962072,236.136
1632492888,818384669,20.39861488,42.2953464,-83.70962088,236.126
1632492888,868292485,20.44852281,42.29534815,-83.70962184,235.88
1632492888,919284017,20.49951434,42.29534839,-83.70962145,235.679
1632492888,969379608,20.5496099,42.29535456,-83.70962453,237.557
1632492889,19248709,20.59947896,42.29534943,-83.70962177,235.758
1632492889,69170786,20.64940095,42.29535939,-83.7096291,236.916
1632492889,119121880,20.69935203,42.29536132,-83.70963057,237.62
1632492889,162293715,20.74252391,NaN,NaN,NaN
1632492889,218956995,20.79918718,42.29535956,-83.7096291,236.716
1632492889,268944097,20.84917426,42.29535931,-83.70962889,236.867
1632492889,311932458,20.8921628,NaN,NaN,NaN
1632492889,360432680,20.94066286,NaN,NaN,NaN
1632492889,410872519,20.9911027,NaN,NaN,NaN
1632492889,460773190,21.04100347,NaN,NaN,NaN
1632492889,511684184,21.09191442,NaN,NaN,NaN
1632492889,560405599,21.14063573,NaN,NaN,NaN
1632492889,611638239,21.19186854,NaN,NaN,NaN
1632492889,663530769,21.24376106,NaN,NaN,NaN
1632492889,711534836,21.29176497,NaN,NaN,NaN
1632492889,761542238,21.34177256,NaN,NaN,NaN
1632492889,811396556,21.39162683,NaN,NaN,NaN
1632492889,861317957,21.44154811,NaN,NaN,NaN
1632492889,911246222,21.49147654,NaN,NaN,NaN
1632492889,961409146,21.54163933,NaN,NaN,NaN
1632492890,11153780,21.59138393,NaN,NaN,NaN
1632492890,61125660,21.64135599,NaN,NaN,NaN
1632492890,111026238,21.69125652,NaN,NaN,NaN
1632492890,162013941,21.74224424,NaN,NaN,NaN
1632492890,210915033,21.79114532,NaN,NaN,NaN
1632492890,260930948,21.84116125,NaN,NaN,NaN
1632492890,310871353,21.8911016,NaN,NaN,NaN
1632492890,369941501,21.95017171,42.29535621,-83.70959801,223.116
1632492890,418680222,21.99891043,42.29535666,-83.70959803,223.192
1632492890,468855975,22.04908609,42.29536408,-83.70961968,231.93
1632492890,518603604,22.0988338,42.29536403,-83.70961946,231.857
1632492890,568689517,22.14891982,42.29536454,-83.7096195,231.933
1632492890,611506927,22.19173717,NaN,NaN,NaN
1632492890,663024331,22.24325466,NaN,NaN,NaN
1632492890,711414240,22.29164457,NaN,NaN,NaN
1632492890,761514689,22.3417449,NaN,NaN,NaN
1632492890,811469653,22.39169979,NaN,NaN,NaN
1632492890,861231578,22.4414618,NaN,NaN,NaN
1632492890,911134000,22.49136424,NaN,NaN,NaN
1632492890,961242454,22.54147267,NaN,NaN,NaN
1632492891,11050173,22.59128046,NaN,NaN,NaN
1632492891,61009274,22.6412394,NaN,NaN,NaN
1632492891,111105388,22.69133568,NaN,NaN,NaN
1632492891,161921182,22.7421515,NaN,NaN,NaN
1632492891,211078322,22.79130864,NaN,NaN,NaN
1632492891,260404688,22.84063482,NaN,NaN,NaN
1632492891,310794345,22.89102459,NaN,NaN,NaN
1632492891,360316905,22.94054723,NaN,NaN,NaN
1632492891,410283295,22.99051356,NaN,NaN,NaN
1632492891,460306617,23.04053688,NaN,NaN,NaN
1632492891,510321284,23.09055161,NaN,NaN,NaN
1632492891,561503912,23.14173412,NaN,NaN,NaN
1632492891,611435658,23.19166589,NaN,NaN,NaN
1632492891,663463332,23.24369359,NaN,NaN,NaN
1632492891,711509120,23.29173946,NaN,NaN,NaN
1632492891,761459342,23.34168959,NaN,NaN,NaN
1632492891,811199473,23.39142966,NaN,NaN,NaN
1632492891,861225771,23.44145608,NaN,NaN,NaN
1632492891,911118972,23.49134922,NaN,NaN,NaN
1632492891,961063296,23.54129362,NaN,NaN,NaN
1632492892,11016541,23.59124684,NaN,NaN,NaN
1632492892,61168194,23.64139843,NaN,NaN,NaN
1632492892,111052863,23.69128299,NaN,NaN,NaN
1632492892,161822521,23.74205279,NaN,NaN,NaN
1632492892,210848517,23.79107881,NaN,NaN,NaN
1632492892,260877150,23.84110737,NaN,NaN,NaN
1632492892,310416743,23.89064693,NaN,NaN,NaN
1632492892,361652929,23.94188309,NaN,NaN,NaN
1632492892,411558939,23.9917891,NaN,NaN,NaN
1632492892,461583013,24.04181314,NaN,NaN,NaN
1632492892,511082206,24.09131241,NaN,NaN,NaN
1632492892,561557683,24.14178801,NaN,NaN,NaN
1632492892,611374741,24.19160509,NaN,NaN,NaN
1632492892,663274962,24.24350524,NaN,NaN,NaN
1632492892,711272204,24.29150248,NaN,NaN,NaN
1632492892,761189290,24.34141946,NaN,NaN,NaN
1632492892,811276079,24.39150643,NaN,NaN,NaN
1632492892,861080410,24.44131064,NaN,NaN,NaN
1632492892,911050266,24.49128056,NaN,NaN,NaN
1632492892,960655878,24.54088616,NaN,NaN,NaN
1632492893,10918327,24.59114861,NaN,NaN,NaN
1632492893,60905886,24.64113617,NaN,NaN,NaN
1632492893,110391536,24.69062185,NaN,NaN,NaN
1632492893,161978687,24.74220896,NaN,NaN,NaN
1632492893,210483309,24.79071355,NaN,NaN,NaN
1632492893,261647319,24.84187746,NaN,NaN,NaN
1632492893,311565521,24.89179587,NaN,NaN,NaN
1632492893,361565565,24.94179583,NaN,NaN,NaN
1632492893,411477040,24.99170732,NaN,NaN,NaN
1632492893,461433816,25.04166412,NaN,NaN,NaN
1632492893,511354375,25.09158468,NaN,NaN,NaN
1632492893,561321647,25.14155197,NaN,NaN,NaN
1632492893,611479994,25.19171023,NaN,NaN,NaN
1632492893,662926058,25.24315619,NaN,NaN,NaN
1632492893,711185823,25.29141617,NaN,NaN,NaN
1632492893,761283428,25.34151363,NaN,NaN,NaN
1632492893,811244582,25.39147472,NaN,NaN,NaN
1632492893,861159170,25.44138932,NaN,NaN,NaN
1632492893,911129928,25.49136019,NaN,NaN,NaN
1632492893,960880725,25.54111099,NaN,NaN,NaN
1632492894,10856431,25.59108663,NaN,NaN,NaN
1632492894,61008586,25.64123893,NaN,NaN,NaN
1632492894,110575783,25.69080591,NaN,NaN,NaN
1632492894,161734115,25.74196434,NaN,NaN,NaN
1632492894,210641350,25.79087162,NaN,NaN,NaN
1632492894,260582280,25.84081244,NaN,NaN,NaN
1632492894,310139631,25.89036989,NaN,NaN,NaN
1632492894,360217492,25.94044781,NaN,NaN,NaN
1632492894,411452898,25.99168324,NaN,NaN,NaN
1632492894,461360934,26.04159117,NaN,NaN,NaN
1632492894,511287561,26.09151769,NaN,NaN,NaN
1632492894,561462496,26.14169264,NaN,NaN,NaN
1632492894,611275197,26.19150543,NaN,NaN,NaN
1632492894,664205516,26.24443579,NaN,NaN,NaN
1632492894,711090641,26.2913208,NaN,NaN,NaN
1632492894,761301223,26.34153152,NaN,NaN,NaN
1632492894,811186436,26.39141679,NaN,NaN,NaN
1632492894,861153341,26.4413836,NaN,NaN,NaN
1632492894,910917162,26.49114728,NaN,NaN,NaN
1632492894,960880077,26.54111028,NaN,NaN,NaN
1632492895,10801642,26.59103179,NaN,NaN,NaN
1632492895,60819391,26.64104962,NaN,NaN,NaN
1632492895,110873537,26.6911037,NaN,NaN,NaN
1632492895,161702089,26.74193239,NaN,NaN,NaN
1632492895,210656112,26.7908864,NaN,NaN,NaN
1632492895,261916347,26.84214664,NaN,NaN,NaN
1632492895,311511295,26.89174151,NaN,NaN,NaN
1632492895,361629288,26.94185948,NaN,NaN,NaN
1632492895,409995480,26.99022579,NaN,NaN,NaN
1632492895,460167976,27.04039812,NaN,NaN,NaN
1632492895,511320735,27.09155107,NaN,NaN,NaN
1632492895,561289530,27.14151978,NaN,NaN,NaN
1632492895,611432082,27.19166231,NaN,NaN,NaN
1632492895,664201273,27.2444315,NaN,NaN,NaN
1632492895,711127263,27.29135752,NaN,NaN,NaN
1632492895,761244250,27.34147453,NaN,NaN,NaN
1632492895,811057167,27.39128733,NaN,NaN,NaN
1632492895,861107035,27.44133735,NaN,NaN,NaN
1632492895,910862932,27.49109316,NaN,NaN,NaN
1632492895,960845514,27.54107571,NaN,NaN,NaN
1632492896,10823767,27.59105396,NaN,NaN,NaN
1632492896,61026735,27.64125705,NaN,NaN,NaN
1632492896,111733239,27.69196343,NaN,NaN,NaN
1632492896,161278924,27.7415092,NaN,NaN,NaN
1632492896,210859919,27.79109025,NaN,NaN,NaN
1632492896,260176956,27.84040713,NaN,NaN,NaN
1632492896,310537934,27.89076805,NaN,NaN,NaN
1632492896,360709547,27.94093966,NaN,NaN,NaN
1632492896,411421554,27.99165177,NaN,NaN,NaN
1632492896,461370909,28.04160118,NaN,NaN,NaN
1632492896,511315253,28.09154558,NaN,NaN,NaN
1632492896,561214890,28.14144516,NaN,NaN,NaN
1632492896,611198643,28.1914289,NaN,NaN,NaN
1632492896,664163875,28.24439406,NaN,NaN,NaN
1632492896,711104436,28.29133463,NaN,NaN,NaN
1632492896,761097818,28.34132814,NaN,NaN,NaN
1632492896,811163521,28.39139366,NaN,NaN,NaN
1632492896,860978780,28.44120908,NaN,NaN,NaN
1632492896,910845781,28.49107599,NaN,NaN,NaN
1632492896,960573865,28.54080415,NaN,NaN,NaN
1632492897,10770811,28.59100103,NaN,NaN,NaN
1632492897,60888558,28.64111876,NaN,NaN,NaN
1632492897,110631681,28.69086194,NaN,NaN,NaN
1632492897,161829384,28.74205971,NaN,NaN,NaN
1632492897,210195833,28.79042602,NaN,NaN,NaN
1632492897,260550469,28.84078074,NaN,NaN,NaN
1632492897,319524063,28.89975429,42.29554227,-83.70978388,227.96
1632492897,369466408,28.94969654,42.29555599,-83.7097961,227.035
1632492897,418392143,28.99862242,42.29555571,-83.70979593,227.043
1632492897,468511603,29.04874182,42.29552919,-83.70976436,228.283
1632492897,518313040,29.09854317,42.29547876,-83.7097136,236.989
1632492897,568430020,29.14866018,42.29552058,-83.70975135,234.448
1632492897,611226067,29.19145632,NaN,NaN,NaN
1632492897,673709929,29.25394011,42.29551015,-83.70973894,234.874
1632492897,723121720,29.30335188,42.29554774,-83.70977686,228.425
1632492897,769243871,29.34947419,42.29547912,-83.70971548,232.633
1632492897,819023867,29.39925408,42.29547952,-83.70971584,232.612
1632492897,869143539,29.44937372,42.29549272,-83.70973194,232.04
1632492897,918938930,29.49916911,42.29549257,-83.70973199,232.085
1632492897,968865106,29.54909539,42.295453,-83.70969641,234.482
1632492898,18828494,29.59905863,42.29545256,-83.70969595,234.501
1632492898,68848113,29.64907837,42.29545507,-83.70969882,234.394
1632492898,118917947,29.69914818,42.29542908,-83.70967233,239.002
1632492898,162676993,29.74290729,NaN,NaN,NaN
1632492898,218575529,29.79880571,42.29555053,-83.70978121,231.513
1632492898,268528208,29.84875846,42.29555048,-83.70978114,231.547
1632492898,318501519,29.89873171,42.29558935,-83.70982044,224.689
1632492898,368597055,29.94882727,42.29555803,-83.70979226,226.587
1632492898,418397794,29.99862814,42.2955581,-83.7097924,226.584
1632492898,469287675,30.04951787,42.29556798,-83.70980464,226.073
1632492898,518408068,30.0986383,42.29553058,-83.70976715,232.639
1632492898,569188063,30.14941835,42.29552872,-83.70976601,232.815
1632492898,619373851,30.19960403,42.29552852,-83.70976609,232.851
1632492898,672077994,30.25230813,42.29552659,-83.70976401,232.953
1632492898,720233719,30.30046391,42.29547552,-83.70972633,236.84
1632492898,770101083,30.35033131,42.29541803,-83.70967473,240.309
1632492898,819938317,30.40016866,42.29541837,-83.70967508,240.29
1632492898,869896174,30.45012641,42.29541604,-83.70967219,240.397
1632492898,919769199,30.49999952,42.29539767,-83.70965353,243.677
1632492898,969814875,30.55004501,42.29537949,-83.70963689,244.752
1632492899,19709502,30.59993982,42.29537999,-83.70963709,244.723
1632492899,69661960,30.64989209,42.29537629,-83.70963303,244.936
1632492899,119675642,30.69990587,42.29538558,-83.70964233,243.377
1632492899,170742211,30.75097251,42.2953938,-83.70964974,242.804
1632492899,219543866,30.79977417,42.29539378,-83.70964964,242.795
1632492899,269455334,30.84968567,42.29537668,-83.70962726,243.435
1632492899,319470630,30.89970088,42.29537641,-83.70962678,243.564
1632492899,370494292,30.9507246,42.29533594,-83.70959099,245.837
1632492899,420320531,31.00055075,42.29533605,-83.70959121,245.807
1632492899,470277186,31.05050731,42.2953277,-83.709578,245.888
1632492899,519260408,31.09949064,42.29533563,-83.70958708,243.865
1632492899,570156047,31.15038633,42.29538174,-83.70963407,235.308
1632492899,620292137,31.20052242,42.29538211,-83.7096348,235.297
1632492899,672026997,31.25225735,42.29536146,-83.70961278,242.577
1632492899,719948384,31.30017853,42.29535689,-83.70960815,243.713
1632492899,769916685,31.35014701,42.29543363,-83.70970457,240.97
1632492899,819911689,31.40014195,42.29543388,-83.7097045,240.902
1632492899,869800074,31.45003033,42.29536687,-83.70961569,243.029
1632492899,919965379,31.5001955,42.29537156,-83.70962126,241.737
1632492899,969661112,31.54989123,42.29537321,-83.70962372,241.592
1632492900,19634447,31.59986472,42.29539875,-83.70965224,234.442
1632492900,69541321,31.64977145,42.29539896,-83.70965061,238.744
1632492900,119558344,31.69978857,42.2953884,-83.70964224,237.656
1632492900,170483182,31.75071335,42.29541654,-83.70966342,239.774
1632492900,220389506,31.80061984,42.29541109,-83.70965905,239.576
1632492900,269371875,31.84960222,42.29543679,-83.70968509,235.248
1632492900,319488298,31.89971852,42.29543682,-83.70968511,235.262
1632492900,369348250,31.94957852,42.29543014,-83.70968018,234.671
1632492900,419214353,31.99944448,42.29543075,-83.70968095,234.646
1632492900,469123997,32.04935431,42.29541868,-83.70967008,237.633
1632492900,520173552,32.10040379,42.29541932,-83.70967121,237.715
1632492900,570125605,32.15035582,42.29541344,-83.70966742,237.354
1632492900,613066960,32.19329715,NaN,NaN,NaN
1632492900,664998033,32.24522829,NaN,NaN,NaN
1632492900,711994443,32.29222465,NaN,NaN,NaN
1632492900,761994771,32.34222507,NaN,NaN,NaN
1632492900,811990609,32.39222074,NaN,NaN,NaN
1632492900,861869262,32.44209957,NaN,NaN,NaN
1632492900,911912055,32.4921422,NaN,NaN,NaN
1632492900,961908188,32.54213834,NaN,NaN,NaN
1632492901,12673629,32.59290385,NaN,NaN,NaN
1632492901,62608274,32.64283848,NaN,NaN,NaN
1632492901,111583792,32.69181395,NaN,NaN,NaN
1632492901,162532231,32.74276257,NaN,NaN,NaN
1632492901,220432926,32.80066323,42.29543205,-83.70969591,230.593
1632492901,262451119,32.84268141,NaN,NaN,NaN
1632492901,312382384,32.8926127,NaN,NaN,NaN
1632492901,362293615,32.94252396,NaN,NaN,NaN
1632492901,412233544,32.99246383,NaN,NaN,NaN
1632492901,462186886,33.04241705,NaN,NaN,NaN
1632492901,512276042,33.09250617,NaN,NaN,NaN
1632492901,562037192,33.14226747,NaN,NaN,NaN
1632492901,611984402,33.19221473,NaN,NaN,NaN
1632492901,664949612,33.24517989,NaN,NaN,NaN
1632492901,712049354,33.29227948,NaN,NaN,NaN
1632492901,761886865,33.34211707,NaN,NaN,NaN
1632492901,812994466,33.39322472,NaN,NaN,NaN
1632492901,862744798,33.44297504,NaN,NaN,NaN
1632492901,912715449,33.49294567,NaN,NaN,NaN
1632492901,962595036,33.54282522,NaN,NaN,NaN
1632492902,11568026,33.59179831,NaN,NaN,NaN
1632492902,62661960,33.64289212,NaN,NaN,NaN
1632492902,112480534,33.69271088,NaN,NaN,NaN
1632492902,163406879,33.74363708,NaN,NaN,NaN
1632492902,212287850,33.79251814,NaN,NaN,NaN
1632492902,262346446,33.84257674,NaN,NaN,NaN
1632492902,312292267,33.89252257,NaN,NaN,NaN
1632492902,362376798,33.94260693,NaN,NaN,NaN
1632492902,412204011,33.99243426,NaN,NaN,NaN
1632492902,462119964,34.04235029,NaN,NaN,NaN
1632492902,512159028,34.09238935,NaN,NaN,NaN
1632492902,562009062,34.14223933,NaN,NaN,NaN
1632492902,612166986,34.19239712,NaN,NaN,NaN
1632492902,664930237,34.24516058,NaN,NaN,NaN
1632492902,711836637,34.29206681,NaN,NaN,NaN
1632492902,761839859,34.3420701,NaN,NaN,NaN
1632492902,819708662,34.39993882,42.29544989,-83.70971399,235.042
1632492902,869663884,34.44989419,42.29545013,-83.70971442,235.114
1632492902,919645967,34.49987626,42.29545041,-83.70971507,235.179
1632492902,969586236,34.54981637,42.2954274,-83.70968482,229.616
1632492903,19683397,34.5999136,42.29542734,-83.70968476,229.558
1632492903,70435752,34.650666,42.29543086,-83.70969006,230.245
1632492903,120451029,34.70068121,42.29542827,-83.7096869,230.072
1632492903,171318139,34.75154829,42.29544426,-83.70972569,237.162
1632492903,219242788,34.79947305,42.29544435,-83.70972664,237.185
1632492903,270180745,34.85041094,42.29544291,-83.70972378,236.441
1632492903,320162446,34.90039277,42.29544312,-83.70972394,236.458
1632492903,370114457,34.9503448,42.29544351,-83.70972161,237.769
1632492903,420038036,35.00026822,42.29544364,-83.70972157,237.787
1632492903,470058897,35.05028915,42.2954463,-83.70972699,239.193
1632492903,520017653,35.10024786,42.29544617,-83.70972684,239.186
1632492903,569951436,35.15018177,42.29543114,-83.70970279,239.376
1632492903,619912616,35.20014286,42.29540457,-83.70966648,237.58
1632492903,673018822,35.25324917,42.29543353,-83.70970598,240.242
1632492903,719852096,35.30008245,42.29541262,-83.70967815,238.781
1632492903,769875311,35.35010552,42.29540547,-83.70967362,237.663
1632492903,819667258,35.39989758,42.29540545,-83.7096738,237.685
1632492903,869625726,35.44985604,42.29540632,-83.70967589,237.936
1632492903,920551822,35.50078201,42.29540621,-83.70967626,237.933
1632492903,969453356,35.54968357,42.29540525,-83.70967906,234.248
1632492904,19650517,35.5998807,42.29540614,-83.70967988,234.23
1632492904,70416001,35.65064621,42.29541941,-83.70969835,236.126
1632492904,120535115,35.70076537,42.29541958,-83.7096989,235.958
1632492904,171250931,35.75148106,42.29542607,-83.70970437,235.415
1632492904,220256508,35.8004868,42.29542656,-83.70970498,235.434
1632492904,270199036,35.8504293,42.29540448,-83.7096713,231.88
1632492904,320148362,35.9003787,42.29540609,-83.70967279,232.051
1632492904,370103282,35.9503336,42.29539603,-83.70966287,233.516
1632492904,419994905,36.00022507,42.29539599,-83.70966308,233.543
1632492904,470142834,36.05037308,42.29538174,-83.7096412,231.221
1632492904,519897946,36.10012817,42.29538088,-83.70964025,231.096
1632492904,569903610,36.15013385,42.29539371,-83.70965248,229.482
1632492904,620027505,36.20025778,42.29539354,-83.70965237,229.471
1632492904,672730915,36.25296116,42.29539597,-83.70965613,229.885
1632492904,719677526,36.29990768,42.2953972,-83.7096574,230.012
1632492904,769618171,36.34984851,42.29539487,-83.70965397,231.229
1632492904,819572245,36.39980245,42.29539582,-83.70965459,231.262
1632492904,869538996,36.44976926,42.29541745,-83.70967837,233.819
1632492904,919633618,36.49986386,42.29543845,-83.70969777,236.022
1632492904,969407257,36.54963756,42.29545266,-83.70971249,232.959
1632492905,19400704,36.59963083,42.29541395,-83.70967726,229.036
1632492905,62304883,36.64253521,NaN,NaN,NaN
1632492905,120300002,36.70053029,42.29533957,-83.70960545,244.522
1632492905,171221050,36.75145125,42.29544723,-83.70970973,236.339
1632492905,220291564,36.80052185,42.2954471,-83.70970971,236.256
1632492905,270338527,36.85056877,42.29544492,-83.70970401,235.828
1632492905,320065985,36.90029621,42.29546198,-83.70971939,237.82
1632492905,370194990,36.95042515,42.29545731,-83.70971523,237.963
1632492905,419968696,37.00019884,42.29545834,-83.70971601,238.003
1632492905,470129588,37.05035973,42.2954586,-83.70971301,237.713
1632492905,520036490,37.1002667,42.29544283,-83.70969885,235.919
1632492905,570001064,37.15023136,42.29543191,-83.7096886,236.674
1632492905,619702411,37.19993258,42.29543079,-83.70968762,236.763
1632492905,672702559,37.25293279,42.29543011,-83.70968864,236.922
1632492905,719656469,37.2998867,42.29544662,-83.70970357,239.565
1632492905,769796400,37.35002661,42.29544824,-83.70970496,239.936
1632492905,819594520,37.39982486,42.29545337,-83.70970995,240.455
1632492905,869518100,37.44974828,42.29545964,-83.70971931,240.93
1632492905,920488808,37.50071907,42.29545275,-83.70971341,239.955
1632492905,970463839,37.55069399,42.29543297,-83.70969385,241.036
1632492906,19382935,37.59961319,42.2954287,-83.70968978,240.712
1632492906,70382646,37.65061283,42.29542947,-83.70969441,241.055
1632492906,120293182,37.70052338,42.29544882,-83.70971148,243.105
1632492906,171207579,37.7514379,42.2954521,-83.70971419,244.188
1632492906,220165080,37.80039525,42.29545133,-83.70971371,244.174
1632492906,270059797,37.85029006,42.29545387,-83.70971321,243.858
1632492906,320050424,37.90028071,42.29544358,-83.70970428,242.73
1632492906,369982672,37.95021296,42.29539666,-83.70965778,246.55
1632492906,419922286,38.00015259,42.29545675,-83.70971607,242.085
1632492906,469868060,38.05009818,42.29545808,-83.7097194,242.33
1632492906,519984333,38.10021448,42.29544582,-83.70970838,240.69
1632492906,569794281,38.15002441,42.2954469,-83.70970836,240.944
1632492906,619871247,38.20010138,42.29544852,-83.7097096,240.919
1632492906,672846018,38.25307631,42.29547468,-83.70970378,235.115
1632492906,724630321,38.30486059,42.29544076,-83.70970571,240.206
1632492906,770577688,38.35080791,42.29543598,-83.70970137,240.488
1632492906,819461208,38.39969134,42.2954348,-83.70970038,240.537
1632492906,869443014,38.44967318,42.29543594,-83.70969894,240.154
1632492906,919390388,38.49962068,42.29542188,-83.70968744,238.734
1632492906,970439285,38.55066943,42.29543078,-83.70969529,238.191
1632492907,20297780,38.600528,42.29543971,-83.7097039,237.521
1632492907,70211647,38.65044188,42.29544028,-83.7097049,237.573
1632492907,120236261,38.70046639,42.29544397,-83.70970811,237.54
1632492907,171174965,38.75140524,42.29546336,-83.70972452,236.436
1632492907,220224711,38.80045485,42.29546287,-83.70972313,236.907
1632492907,270244854,38.85047507,42.29546306,-83.70972198,237.436
1632492907,320209370,38.9004395,42.29546273,-83.70972094,237.573
1632492907,370133960,38.95036411,42.29546086,-83.70971622,238.312
1632492907,420066467,39.00029659,42.29546366,-83.70971875,239.001
1632492907,469833725,39.05006385,42.29546702,-83.70972042,239.525
1632492907,519854415,39.10008454,42.2954642,-83.70971766,238.563
1632492907,569688441,39.14991879,42.29546807,-83.70972187,238.187
1632492907,620696633,39.20092678,42.29546571,-83.70972057,238.158
1632492907,672638039,39.25286818,42.29547312,-83.70972583,238.395
1632492907,719612056,39.29984236,42.2954745,-83.70972811,238.81
1632492907,769498457,39.34972858,42.29546505,-83.70972049,239.115
1632492907,819440303,39.3996706,42.29546499,-83.70972017,239.045
1632492907,869493501,39.44972372,42.2954649,-83.70972672,239.733
1632492907,920365505,39.50059581,42.29546861,-83.70973108,240.746
1632492907,970306522,39.55053687,42.29545766,-83.70972249,240.751
1632492908,20254016,39.60048437,42.29545884,-83.70972302,240.919
1632492908,70380200,39.65061045,42.2954596,-83.70972526,241.316
1632492908,120198789,39.70042896,42.29545328,-83.70971787,239.412
1632492908,171080058,39.75131035,42.29547379,-83.70973235,239.128
1632492908,220028093,39.8002584,42.2954748,-83.70973338,239.347
1632492908,270006814,39.85023713,42.29547582,-83.709736,239.874
1632492908,320091174,39.90032148,42.29548097,-83.70974233,241.559
1632492908,370066554,39.95029688,42.29547645,-83.70973898,241.181
1632492908,420010400,40.00024056,42.29547624,-83.70973901,241.197
1632492908,469687304,40.04991746,42.29547711,-83.70974006,241.511
1632492908,519775079,40.10000539,42.2954822,-83.70974634,243.043
1632492908,569713399,40.14994359,42.29549771,-83.70975958,243.488
1632492908,619799695,40.20002985,42.29549311,-83.7097543,242.291
1632492908,672618503,40.25284863,42.29549366,-83.70975374,242.367
1632492908,719690794,40.29992104,42.29549631,-83.70975676,243.118
1632492908,769562762,40.34979296,42.29547722,-83.70974095,243.4
1632492908,820439828,40.40067005,42.29547714,-83.70974084,243.358
1632492908,870400744,40.4506309,42.29547707,-83.70973704,242.865
1632492908,920372558,40.50060272,42.29547414,-83.70973391,242.22
1632492908,970272096,40.5505023,42.29548345,-83.70974191,242.905
1632492909,19265664,40.59949589,42.29548369,-83.70974218,242.92
1632492909,70213785,40.65044403,42.29548469,-83.7097442,243.131
1632492909,120385678,40.70061588,42.29548529,-83.70974495,243.108
1632492909,171141254,40.75137138,42.29547936,-83.70974016,242.791
1632492909,220029396,40.80025959,42.29547929,-83.70974001,242.726
1632492909,270145519,40.85037565,42.29547896,-83.70973803,242.379
1632492909,319921729,40.90015197,42.29547886,-83.70973779,242.296
1632492909,370090376,40.95032072,42.2954788,-83.70973767,242.187
1632492909,419860791,41.00009108,42.2954788,-83.70973751,242.161
1632492909,469838714,41.05006886,42.29547927,-83.7097398,242.521
1632492909,519934846,41.10016513,42.29547925,-83.7097397,242.448
1632492909,569688386,41.14991856,42.29547914,-83.70973939,241.841
1632492909,620644327,41.20087457,42.29547992,-83.70973855,241.764
1632492909,672653563,41.25288391,42.29548055,-83.7097395,241.989
1632492909,719603401,41.29983354,42.29548121,-83.7097401,242.128
1632492909,770443391,41.35067368,42.29547258,-83.7097326,241.094
1632492909,820421585,41.40065193,42.29547211,-83.70972723,240.391
1632492909,869378295,41.44960856,42.2954722,-83.70972736,240.432
1632492909,920335121,41.50056529,42.29545627,-83.70972099,234.352
1632492909,970257407,41.55048776,42.29544858,-83.70971424,234.153
1632492910,20393277,41.60062361,42.29544942,-83.70971448,234.232
1632492910,70354731,41.65058494,42.29544978,-83.7097148,234.153
1632492910,120150390,41.70038056,42.29544993,-83.7097144,233.922
1632492910,171078423,41.75130868,42.29544553,-83.70971061,233.89
1632492910,220645893,41.80087614,42.29544541,-83.70971044,233.855
1632492910,269982221,41.85021257,42.29544298,-83.70970568,232.526
1632492910,320132975,41.90036321,42.2954432,-83.70970563,232.532
1632492910,370065640,41.95029593,42.29544264,-83.70970587,231.311
1632492910,419860413,42.0000906,42.29544306,-83.7097054,231.236
1632492910,469862908,42.05009317,42.29544412,-83.70970624,231.506
1632492910,519904941,42.10013509,42.29544463,-83.70970618,231.575
1632492910,569687628,42.14991784,42.29544518,-83.70970576,231.696
1632492910,619585308,42.19981551,42.29544564,-83.70970533,231.734
1632492910,673603096,42.25383329,42.29544804,-83.70970913,232.808
1632492910,719554151,42.29978442,42.29544783,-83.70970892,232.662
1632492910,769565211,42.34979534,42.2954513,-83.70971148,232.734
1632492910,819408693,42.39963889,42.29545159,-83.70971132,232.868
1632492910,870371186,42.45060134,42.29545186,-83.7097118,232.948
1632492910,920287633,42.50051785,42.29545194,-83.70971171,232.878
1632492910,970437134,42.55066729,42.2954533,-83.70971148,233.487
1632492911,20187577,42.60041785,42.29545383,-83.70971127,233.538
1632492911,70140303,42.6503706,42.2954522,-83.7097065,232.375
1632492911,120231541,42.70046186,42.29545254,-83.7097061,232.267
1632492911,171036686,42.75126696,42.29545155,-83.70970393,232.793
1632492911,220108158,42.80033851,42.29545135,-83.70970333,232.621
1632492911,269873620,42.85010386,42.2954498,-83.70969893,231.614
1632492911,319900738,42.90013099,42.29545002,-83.70969876,231.708
1632492911,369674075,42.9499042,42.29545795,-83.70970651,230.556
1632492911,419798150,43.00002837,42.29545819,-83.70970691,230.547
1632492911,469688057,43.04991817,42.29545606,-83.70970257,229.371
1632492911,519794229,43.10002446,42.29545623,-83.70970247,229.359
1632492911,569759247,43.14998937,42.29545613,-83.70970268,229.065
1632492911,619713868,43.19994402,42.29545627,-83.70970281,229.082
1632492911,672459385,43.2526896,42.29545696,-83.70970407,229.429
1632492911,720484613,43.30071473,42.2954571,-83.70970415,229.435
1632492911,769382534,43.34961271,42.29545709,-83.70970381,229.731
1632492911,820360556,43.4005909,42.29545711,-83.7097037,229.71
1632492911,869315550,43.44954586,42.29545888,-83.70970669,230.521
1632492911,920268748,43.50049901,42.29545912,-83.70970657,230.504
1632492911,970327918,43.55055809,42.29545901,-83.70970658,230.171
1632492912,20065522,43.60029578,42.29545907,-83.70970642,230.156
1632492912,70060020,43.65029025,42.29546012,-83.70970818,230.651
1632492912,120011393,43.70024157,42.29546039,-83.70970793,230.627
1632492912,170961340,43.75119162,42.2954621,-83.70970813,231.25
1632492912,219954929,43.8001852,42.29546261,-83.70970817,231.303
1632492912,270048522,43.85027885,42.29546348,-83.70970865,231.509
1632492912,320041882,43.90027213,42.2954637,-83.70970845,231.385
1632492912,369846614,43.95007682,42.29546485,-83.70970871,231.49
1632492912,419930338,44.00016046,42.29546511,-83.70970868,231.436
1632492912,469693872,44.04992414,42.29546474,-83.70970741,231.095
1632492912,520649295,44.10087943,42.29546482,-83.70970733,230.968
1632492912,569599245,44.14982939,42.2954668,-83.70970929,230.553
1632492912,619493225,44.19972348,42.29546666,-83.70970922,230.532
1632492912,672458497,44.25268865,42.29546889,-83.70971367,231.746
1632492912,720423483,44.3006537,42.29547019,-83.70971384,232.233
1632492912,769404977,44.34963512,42.29547064,-83.70971338,232.609
1632492912,820287633,44.40051794,42.29547095,-83.70971337,232.64
1632492912,870253631,44.4504838,42.29547125,-83.70971292,232.56
1632492912,920260503,44.50049067,42.29547199,-83.70971295,232.716
1632492912,970179177,44.55040932,42.29547182,-83.70971263,232.657
1632492913,20084418,44.60031462,42.29547159,-83.70971231,232.471
1632492913,70046789,44.65027714,42.29547031,-83.70970925,231.641
1632492913,120058397,44.70028853,42.29547155,-83.70970988,232.053
1632492913,170969120,44.75119925,42.29548133,-83.70971444,235.319
1632492913,219852636,44.80008292,42.29549087,-83.70971853,238.931
1632492913,270052150,44.85028243,42.2954902,-83.70971516,238.347
1632492913,319809549,44.90003967,42.29549399,-83.70971692,239.698
1632492913,370742639,44.9509728,42.29549456,-83.709718,238.923
1632492913,419678987,44.99990916,42.29549217,-83.70971712,237.799
1632492913,469649241,45.04987955,42.29548713,-83.70971445,235.712
1632492913,519585410,45.09981561,42.29549222,-83.70971604,237.544
1632492913,569562906,45.14979315,42.29550503,-83.70972051,241.723
1632492913,619449555,45.19967985,42.29550754,-83.70972109,242.349
1632492913,672652571,45.25288272,42.29550844,-83.70972046,242.562
1632492913,720384251,45.3006146,42.29550414,-83.70971847,240.82
1632492913,770381631,45.35061193,42.29550206,-83.70971693,240.505
1632492913,825803970,45.40603423,42.29550582,-83.70971921,241.408
1632492913,920125612,45.50035596,42.29549806,-83.70971667,238.678
1632492914,20093277,45.60032344,42.29549227,-83.70971263,237.988
1632492914,70186487,45.65041661,42.29548923,-83.70970866,237.6
1632492914,269873012,45.85010314,42.29550065,-83.70971807,237.11
1632492914,469614121,46.04984426,42.29549828,-83.70971633,236.8
1632492914,570535994,46.15076613,42.29549463,-83.70971411,235.679
1632492914,619658619,46.19988894,42.29549523,-83.70971432,235.757
1632492914,770305976,46.35053611,42.29549915,-83.70971461,237.309
1632492914,920168599,46.50039887,42.29550345,-83.70971361,238.635
1632492914,970116604,46.55034685,42.29550266,-83.70971282,238.513
1632492915,20046028,46.60027623,42.29550274,-83.7097128,238.288
1632492915,269738190,46.84996843,42.29550131,-83.70970778,237.087
1632492915,519471359,47.09970164,42.29549425,-83.7097028,233.823
1632492915,620514001,47.20074415,42.29547058,-83.7096932,224.616
1632492915,672453161,47.2526834,42.29547122,-83.70969335,224.712
1632492915,820114972,47.40034533,42.2954763,-83.70969439,226.703
1632492915,870081495,47.45031166,42.29547616,-83.70969346,226.477
1632492916,69950918,47.65018106,42.2954782,-83.70969492,226.553
1632492916,170855383,47.75108552,42.2954717,-83.7096906,223.905
1632492916,219814965,47.80004525,42.29547205,-83.70969045,223.915
1632492916,369839506,47.95006967,42.29547324,-83.70969103,223.895
1632492916,570393293,48.15062356,42.2954754,-83.70969145,223.92
1632492916,620298014,48.20052814,42.29547584,-83.70969115,223.95
1632492916,720247596,48.30047774,42.29547587,-83.70968899,223.392
1632492916,820391169,48.40062141,42.29547775,-83.70969051,223.215
1632492916,920066100,48.50029635,42.29547809,-83.70968942,223.08
1632492917,70114888,48.65034509,42.29548697,-83.70969282,225.363
1632492917,171034349,48.75126457,42.2954887,-83.70969301,225.851
1632492917,319707820,48.89993811,42.29549259,-83.70969335,226.953
1632492917,420575331,49.00080562,42.29549383,-83.70969319,227.175
1632492917,620382425,49.20061255,42.29549266,-83.70969054,226.696
1632492917,770423993,49.35065413,42.29549142,-83.70968881,226.359
1632492917,870182002,49.45041227,42.29549379,-83.70968926,226.734
1632492917,970075368,49.5503056,42.2955262,-83.70970345,238.243
1632492918,70116144,49.65034628,42.29552721,-83.70970422,238.545
1632492918,270723148,49.85095334,42.29552154,-83.70970292,235.411
1632492918,520666079,50.10089636,42.29551824,-83.70973724,238.314
1632492918,720268453,50.30049872,42.29551617,-83.70972529,236.023
1632492918,820175146,50.40040541,42.29551614,-83.70972414,235.783
1632492918,870113221,50.45034337,42.29551827,-83.70971762,235.981
1632492919,70153454,50.65038371,42.29551776,-83.70971295,234.203
1632492919,119858615,50.70008874,42.29551931,-83.70971722,235.084
1632492919,170774305,50.75100446,42.29551964,-83.70971605,235.021
1632492919,369588733,50.94981909,42.295524,-83.7097203,236.587
1632492919,520555571,51.10078573,42.29552962,-83.70972523,238.995
1632492919,720231514,51.30046177,42.29552998,-83.70972481,238.751
1632492919,870051469,51.45028162,42.29553084,-83.7097222,238.809
1632492920,62817496,51.64304781,NaN,NaN,NaN
1632492920,162894380,51.74312472,NaN,NaN,NaN
1632492920,212726278,51.79295659,NaN,NaN,NaN
1632492920,312803016,51.89303327,NaN,NaN,NaN
1632492920,512545928,52.09277606,NaN,NaN,NaN
1632492920,712139968,52.29237032,NaN,NaN,NaN
1632492920,820029112,52.40025926,42.29553406,-83.70971713,241.878
1632492920,920040472,52.50027061,42.29553045,-83.70972473,242.751
1632492921,69771359,52.65000153,42.29553185,-83.70972377,242.709
1632492921,220569623,52.80079985,42.29552807,-83.70973259,244.168
1632492921,269550395,52.84978056,42.29552943,-83.70972873,243.623
1632492921,320491660,52.90072179,42.29556909,-83.70973959,236.915
1632492921,570400090,53.15063024,42.29552877,-83.70969764,239.582
1632492921,673164448,53.2533946,42.29560066,-83.70975986,233.75
1632492921,720285730,53.30051589,42.29557469,-83.70973556,235.112
1632492921,820176118,53.40040636,42.29557828,-83.70973236,234.255
1632492921,919899956,53.50013018,42.29557196,-83.70972369,234.015
1632492922,69878247,53.65010858,42.29556155,-83.70972124,235.756
1632492922,673094811,54.25332499,42.29554599,-83.7096792,233.311
1632492923,69663801,54.649894,42.29552644,-83.70968155,228.089
1632492923,119818367,54.70004869,42.29552649,-83.70968172,228.133
1632492923,171579073,54.75180936,42.29552754,-83.70968234,228.563
1632492923,270506876,54.85073709,42.29553494,-83.70968124,229.436
1632492923,420319619,55.00054979,42.29553446,-83.70966985,227.438
1632492923,470257325,55.05048752,42.29552975,-83.70967934,231.25
1632492923,620159220,55.20038939,42.29553201,-83.70968094,231.427
1632492923,672112420,55.2523427,42.29553449,-83.70967552,229.124
1632492923,869882678,55.45011282,42.29553742,-83.7096826,231.691
1632492924,69719813,55.64995003,42.29555642,-83.70969829,233.322
1632492924,220456968,55.80068731,42.29554489,-83.70968659,233.076
1632492924,269470586,55.84970093,42.29554518,-83.70968558,232.574
1632492924,420296979,56.00052714,42.29555311,-83.70969318,233.063
1632492924,470484197,56.05071449,42.29556149,-83.70969206,234.123
1632492924,520182902,56.10041308,42.29554742,-83.70967496,229.901
1632492924,719893608,56.30012393,42.2955594,-83.70968375,235.126
1632492924,820929112,56.40115929,42.29554839,-83.7096804,231.232
1632492924,869782808,56.45001316,42.29554968,-83.70968024,231.286
1632492924,969709401,56.54993963,42.29555925,-83.70967978,232.853
1632492925,171488647,56.751719,42.29553504,-83.70967332,233.127
1632492925,470173835,57.05040407,42.29560988,-83.70973373,223.659
1632492925,513141252,57.09337139,NaN,NaN,NaN
1632492925,711902709,57.29213285,NaN,NaN,NaN
1632492925,912704340,57.49293447,NaN,NaN,NaN
1632492926,262501747,57.84273195,NaN,NaN,NaN
1632492926,463100742,58.04333091,NaN,NaN,NaN
1632492926,664960499,58.24519062,NaN,NaN,NaN
1632492926,962599416,58.54282975,NaN,NaN,NaN
1632492927,570006316,59.15023661,42.2955988,-83.70970766,232.409
1632492927,620077770,59.20030808,42.295598,-83.70970695,232.461
1632492927,719850162,59.3000803,42.29560891,-83.70971259,232.316
1632492928,220272993,59.80050325,42.2956305,-83.70971785,233.354
1632492928,270428395,59.85065866,42.29562896,-83.70971706,233.366
1632492928,320117810,59.90034795,42.29565256,-83.7097253,232.253
1632492928,570050196,60.15028048,42.29562716,-83.70970775,230.582
1632492928,769672639,60.34990287,42.2956199,-83.70970112,228.966
1632492929,19439309,60.59966946,42.29560614,-83.70969571,230.625
1632492929,70354513,60.6505847,42.29560485,-83.70969524,231.006
1632492929,120338242,60.70056844,42.2956171,-83.70970289,232.246
1632492929,420016994,61.00024724,42.29559038,-83.70969582,232.018
1632492929,470118681,61.050349,42.29558977,-83.70969563,232.035
1632492929,519891497,61.10012174,42.29558982,-83.7096954,232.024
1632492929,619769563,61.19999981,42.295597,-83.70969388,232.667
1632492929,672894192,61.25312448,42.29557348,-83.70968537,233.625
1632492929,819748326,61.39997864,42.29558554,-83.70968411,234.875
1632492929,869548166,61.44977832,42.29557757,-83.70968111,235.185
1632492930,171159285,61.7513895,42.29558473,-83.70967383,236.78
1632492930,619678195,62.19990849,42.29559466,-83.70968254,235.866
1632492930,672786041,62.25301623,42.29558949,-83.70968071,236.094
1632492930,719591822,62.29982209,42.2955896,-83.70967967,235.891
1632492930,769569174,62.34979939,42.29559116,-83.70967933,236.025
1632492931,171132961,62.75136328,42.29559074,-83.70967743,236.004
1632492931,419825194,63.00005531,42.29561114,-83.70967832,236.705
1632492931,469742231,63.04997253,42.29560975,-83.70967768,236.721
1632492932,171212051,63.75144219,42.29559814,-83.70968517,234.781
1632492932,519700835,64.099931,42.2955886,-83.70968429,233.902
1632492933,369844098,64.95007443,42.29563578,-83.70969131,236.867
1632492933,672499141,65.25272942,42.29560444,-83.70970429,232.887
1632492933,770561355,65.35079169,42.29560706,-83.70970426,233.647
1632492933,820336766,65.40056705,42.29560695,-83.7097041,233.58
1632492934,70131605,65.65036178,42.29561953,-83.70970299,235.779
1632492934,171206907,65.75143719,42.29561896,-83.70970314,235.482
1632492934,219934081,65.80016422,42.29561892,-83.70970374,235.489
1632492934,269972437,65.85020256,42.2955998,-83.70970592,234.795
1632492934,419752382,65.9999826,42.29560147,-83.70970927,235.275
1632492934,673505453,66.25373578,42.29560204,-83.7097048,235.931
1632492934,770564889,66.35079503,42.29560206,-83.70970457,235.932
1632492934,820374472,66.40060472,42.2956021,-83.70970462,235.939
1632492935,70136003,66.65036631,42.29561202,-83.70970422,236.508
1632492935,170988907,66.75121903,42.29561311,-83.70970458,236.909
1632492935,220141100,66.80037141,42.29561306,-83.70970451,236.898
1632492935,469712368,67.04994249,42.29559915,-83.70970699,235.599
1632492935,570596230,67.15082645,42.2955986,-83.7097069,235.54
1632492935,620544066,67.20077419,42.29559858,-83.70970685,235.543
1632492935,725624279,67.30585456,42.29559232,-83.70970607,235.271
1632492935,970216769,67.55044699,42.29560671,-83.70969846,235.283
1632492936,20069223,67.60029936,42.29560696,-83.70969856,235.366
1632492936,220130507,67.80036068,42.29560401,-83.70969723,235.693
1632492936,570562277,68.1507926,42.2956023,-83.70969588,236.011
1632492936,620679788,68.20091009,42.29560221,-83.70969568,235.992
1632492936,673496354,68.25372648,42.29559796,-83.70969469,236.049
1632492937,19148109,68.59937835,42.29560365,-83.70968971,237.31
1632492937,269125058,68.84935522,42.29560057,-83.70968035,234.279
1632492937,369761968,68.94999218,42.29560095,-83.70968053,234.398
1632492937,419703240,68.99993348,42.29559669,-83.70967927,232.929
1632492937,769539497,69.34976983,42.29561027,-83.70968307,234.08
1632492938,68967968,69.64919829,42.29560859,-83.70968261,232.981
1632492938,169834127,69.75006437,42.29560911,-83.70968288,233.071
1632492938,218808176,69.79903841,42.29563156,-83.70968963,240.289
1632492938,268752687,69.84898281,42.29561341,-83.70968541,234.999
1632492938,368626664,69.94885683,42.29563016,-83.70969143,240.447
1632492938,419529630,69.99975991,42.29563036,-83.7096916,240.471
1632492938,672305795,70.25253606,42.29562843,-83.709693,240.382
1632492938,968937345,70.54916763,42.29562571,-83.70969174,240.175
1632492939,68867566,70.64909792,42.29562469,-83.7096926,239.928
1632492939,169781652,70.75001192,42.29561944,-83.70969093,238.199
1632492939,268765849,70.84899616,42.29561774,-83.70969076,238.304
1632492939,369766606,70.94999695,42.29561929,-83.70969147,238.803
1632492939,419732281,70.99996257,42.2956196,-83.70969108,238.819
1632492939,672269404,71.25249958,42.29565689,-83.70972516,234.017
1632492939,719177936,71.2994082,42.29565519,-83.70972293,233.798
1632492939,968974734,71.54920506,42.29565851,-83.70972667,232.528
1632492940,18919168,71.59914947,42.29566097,-83.70972752,232.496
1632492940,369751864,71.94998217,42.29565584,-83.70972478,233.196
1632492940,419520821,71.99975109,42.29565607,-83.70972469,233.266
1632492940,769175900,72.34940624,42.29562426,-83.70970244,235.935
1632492941,18918785,72.59914899,42.29565758,-83.70970175,236.987
1632492941,419431426,72.99966168,42.2955882,-83.70969855,234.877
1632492941,519387926,73.0996182,42.2955677,-83.70969204,235.353
1632492941,819082236,73.3993125,42.29557653,-83.70968344,236.959
1632492941,869033257,73.44926357,42.29558068,-83.7096856,236.249
1632492941,968944538,73.54917479,42.2955873,-83.70968038,235.052
1632492942,18946038,73.59917617,42.29558715,-83.70968026,235.022
1632492942,319576420,73.89980674,42.29559633,-83.70966726,232.153
1632492942,619406476,74.1996367,42.2956085,-83.70967484,232.841
1632492942,968938332,74.54916859,42.29562004,-83.70967838,233.385
1632492943,469433997,75.04966426,42.29561868,-83.70967471,234.317
1632492943,519378154,75.09960842,42.29562017,-83.70967233,233.78
1632492943,819295006,75.39952517,42.29562153,-83.70967055,233.215
1632492944,118978866,75.69920921,42.29560981,-83.70966676,233.349
1632492944,169965517,75.75019574,42.29560974,-83.70966671,233.371
1632492944,672168889,76.25239921,42.29561665,-83.70966648,234.155
1632492944,769314496,76.34954476,42.29560702,-83.70967195,235.869
1632492944,819072037,76.39930224,42.29560738,-83.70967194,235.91
1632492944,869000694,76.44923091,42.29560463,-83.70966994,235.339
1632492945,68746460,76.6489768,42.29560907,-83.70966777,234.91
1632492945,672300017,77.25253034,42.29561039,-83.7096608,233.133
1632492945,719042634,77.29927278,42.29561138,-83.70965698,232.422
1632492945,769042937,77.3492732,42.29561163,-83.70965699,232.464
1632492946,18703395,77.5989337,42.29561025,-83.709657,233.225
1632492946,268546739,77.84877706,42.29561177,-83.70965025,233.038
1632492946,419394266,77.99962449,42.29561506,-83.70964918,232.686
1632492946,719075249,78.29930544,42.29562577,-83.70965787,233.21
1632492946,769193194,78.34942341,42.29562593,-83.70965803,233.257
1632492947,369439422,78.9496696,42.29562433,-83.7096598,236.696
1632492947,719095568,79.2993257,42.29561137,-83.70965399,238.732
1632492947,918951605,79.49918175,42.29560341,-83.70965022,239.05
1632492948,18794682,79.59902501,42.29560344,-83.70964971,239.063
1632492948,68924971,79.64915514,42.29560301,-83.70964916,239.067
1632492948,672127856,80.2523582,42.29564806,-83.70968651,236.328
1632492948,719106527,80.29933667,42.29564859,-83.7096886,236.963
1632492948,869013295,80.44924355,42.29565066,-83.70969056,236.812
1632492948,918817839,80.49904799,42.29565303,-83.70969437,237.381
1632492949,68902396,80.64913273,42.29565537,-83.70969718,237.224
1632492949,118608621,80.69883895,42.29565441,-83.70969531,236.853
1632492949,169589910,80.74982023,42.29565375,-83.70969494,236.807
1632492949,469433228,81.04966354,42.29564698,-83.70968717,235.978
1632492949,519116102,81.0993464,42.29564658,-83.7096863,235.987
1632492949,718965795,81.299196,42.295619,-83.70965784,240.7
1632492949,768970538,81.34920073,42.29562114,-83.70965989,240.587
1632492950,68788703,81.649019,42.29561559,-83.70965043,242.606
1632492950,119586492,81.6998167,42.29563305,-83.70966687,239.996
1632492950,219432645,81.79966283,42.29563654,-83.70966979,239.795
1632492950,269343720,81.84957385,42.29563669,-83.70966988,239.758
1632492950,319413567,81.8996439,42.29564875,-83.70968361,237.74
1632492950,369284262,81.94951439,42.29564739,-83.70968246,237.839
1632492950,672000236,82.25223041,42.29562326,-83.7096595,241.966
1632492951,62693534,82.64292383,NaN,NaN,NaN
1632492951,412146674,82.9923768,NaN,NaN,NaN
1632492951,463165820,83.043396,NaN,NaN,NaN
1632492951,570006331,83.15023661,42.29560824,-83.70965324,240.421
1632492951,920855093,83.50108528,42.29560759,-83.70965304,240.748
1632492951,969564017,83.5497942,42.29560726,-83.70965276,240.65
1632492952,20547837,83.6007781,42.29561266,-83.70965826,239.463
1632492952,470059131,84.05028939,42.29562723,-83.7096702,238.773
1632492952,520039830,84.10027003,42.29562215,-83.7096642,239.522
1632492952,569961736,84.15019202,42.29562225,-83.70966429,239.476
1632492952,870613207,84.45084333,42.2956105,-83.70965207,241.805
1632492952,919563143,84.49979329,42.29560668,-83.70964628,243.016
1632492952,970551467,84.55078173,42.29560752,-83.70964659,243.109
1632492953,220278292,84.8005085,42.29560562,-83.70964396,242.993
1632492953,270416153,84.8506465,42.2956063,-83.70964403,243.161
1632492953,320120591,84.90035081,42.29560754,-83.70964355,242.678
1632492953,370539343,84.95076966,42.29560821,-83.70964368,242.734
1632492953,719903281,85.30013347,42.29561952,-83.70965483,240.818
1632492953,769680515,85.34991074,42.29561939,-83.70965429,240.749
1632492954,70381897,85.65061212,42.29562,-83.70965344,240.489
1632492954,120479608,85.70070982,42.29563616,-83.70966804,237.936
1632492954,171297864,85.75152802,42.29563603,-83.70966798,237.825
1632492954,469955557,86.05018568,42.29563292,-83.70966408,238.472
1632492954,520055874,86.10028601,42.29563449,-83.7096648,238.386
1632492954,569838281,86.15006852,42.29563452,-83.70966456,238.349
1632492954,819614993,86.39984512,42.29564234,-83.70966815,238.166
1632492955,120337572,86.70056772,42.29562736,-83.70965261,239.703
1632492955,171403796,86.75163412,42.29562742,-83.70965237,239.632
1632492955,270334427,86.85056472,42.29562529,-83.70965115,238.784
1632492955,320132677,86.90036297,42.29562583,-83.70965175,238.822
1632492955,370100860,86.95033121,42.29562597,-83.7096518,238.859
1632492955,420048721,87.00027895,42.295626,-83.70965183,238.87
1632492955,719699084,87.29992938,42.29563467,-83.70965541,240.304
1632492955,769774100,87.35000443,42.29563563,-83.7096551,240.298
1632492956,70279652,87.65050983,42.29564623,-83.70965868,240.981
1632492956,120227912,87.70045805,42.29564699,-83.70965792,240.826
1632492956,270098957,87.85032916,42.29564587,-83.70965757,240.085
1632492956,320238250,87.90046859,42.29565768,-83.70966754,240.597
1632492956,369976617,87.95020676,42.29565711,-83.70966706,240.524
1632492956,673724637,88.25395489,42.2956433,-83.70965783,237.813
1632492956,720690748,88.30092096,42.29564663,-83.70965933,237.787
1632492956,920491850,88.50072217,42.29564392,-83.70965496,236.334
1632492957,70304707,88.65053487,42.29563809,-83.7096504,234.902
1632492957,270146408,88.85037661,42.29564265,-83.70965512,234.733
1632492957,519847125,89.10007739,42.29564213,-83.70965359,235.727
1632492957,770606877,89.35083723,42.29563884,-83.70965418,234.353
1632492957,820522554,89.40075278,42.29563892,-83.70965415,234.343
1632492958,673698998,90.25392914,42.29567732,-83.70968495,229.443
1632492958,719616998,90.29984713,42.29567832,-83.70968495,229.297
1632492958,920366490,90.50059676,42.29566794,-83.70967251,231.974
1632492959,171176416,90.75140667,42.29566512,-83.7096662,234.675
1632492959,220075568,90.80030584,42.2956653,-83.70966616,234.704
1632492959,519841479,91.10007167,42.29567024,-83.70966923,235.248
1632492959,720659724,91.30088997,42.29567026,-83.70966832,234.872
1632492959,770577096,91.35080743,42.29567001,-83.70966621,236.082
1632492959,820520273,91.4007504,42.29567022,-83.70966632,236.077
1632492960,120183595,91.70041394,42.29567418,-83.70966726,237.667
1632492960,270069894,91.85030007,42.29566701,-83.70966836,238.053
1632492960,369948042,91.95017838,42.29566267,-83.70966003,236.097
1632492960,420095407,92.00032568,42.2956627,-83.70965989,236.1
1632492960,725787628,92.30601788,42.29566814,-83.70966677,236.254
1632492960,770572616,92.3508029,42.29566375,-83.70965816,233.912
1632492960,820543424,92.40077376,42.29566378,-83.70965814,233.897
1632492961,120320820,92.70055103,42.29566404,-83.70965564,232.572
1632492961,171112082,92.7513423,42.29566845,-83.70966027,231.792
1632492961,220264610,92.80049491,42.29566844,-83.70966048,231.783
1632492961,469988015,93.05021834,42.29566126,-83.70965198,230.624
1632492961,620613547,93.20084381,42.29566875,-83.709657,230.359
1632492962,120138515,93.70036864,42.29566021,-83.70964761,230.16
1632492962,270206595,93.85043693,42.29565973,-83.70964767,230.629
1632492962,469856550,94.05008674,42.29565936,-83.70965981,231.975
1632492962,673700561,94.25393081,42.29565486,-83.70966444,234.31
1632492962,970344622,94.55057478,42.29563872,-83.70965494,233.983
1632492963,70217164,94.65044737,42.29567411,-83.70969228,248.874
1632492963,371128763,94.95135903,42.29563629,-83.70965927,233.272
1632492963,419852017,95.00008225,42.29563616,-83.7096592,233.377
1632492963,770556031,95.35078621,42.29564076,-83.70965348,231.278
1632492963,820485932,95.40071607,42.29564183,-83.70965398,231.643
1632492963,870597598,95.45082784,42.2956411,-83.70965267,231.24
1632492963,970350327,95.5505805,42.29563618,-83.70964724,231.573
1632492964,20249439,95.6004796,42.29563658,-83.70964746,231.734
1632492964,320031775,95.90026212,42.29563948,-83.70964548,233.657
1632492964,620693842,96.20092416,42.29566718,-83.70967161,244.077
1632492964,673618996,96.25384927,42.29567741,-83.70969107,249.422
1632492964,870412117,96.45064235,42.29567868,-83.70969338,250.782
1632492965,171100232,96.75133038,42.29566856,-83.70967618,246.854
1632492965,320179436,96.9004097,42.29566543,-83.70967101,245.357
1632492965,620664185,97.20089436,42.29567337,-83.70968697,250.071
1632492965,770489814,97.35072017,42.29566179,-83.70966563,244.321
1632492965,820637489,97.4008677,42.2956618,-83.7096657,244.312
1632492966,120143095,97.70037341,42.29566955,-83.70968091,249.344
1632492966,570677730,98.15090799,42.29567387,-83.70968581,250.264
1632492966,769516162,98.34974647,42.29567684,-83.70966555,248.006
1632492966,869400263,98.4496305,42.29567506,-83.70966212,247.06
1632492967,369857692,98.95008802,42.29566637,-83.70964933,244.381
1632492967,419817952,99.00004816,42.29566636,-83.70964936,244.389
1632492967,919508496,99.49973869,42.29566755,-83.70964979,243.325
1632492968,170026457,99.75025678,42.29566868,-83.70965137,244.456
1632492968,268979758,99.84921002,42.29566705,-83.70964817,243.563
1632492968,368926272,99.94915652,42.29566766,-83.70964858,243.514
1632492968,419926452,100.0001566,42.29566787,-83.70964869,243.56
1632492968,469884502,100.0501146,42.29566804,-83.70964904,243.66
1632492968,769610520,100.3498406,42.29566384,-83.70964028,241.051
1632492968,819321709,100.3995519,42.29566393,-83.70964021,241.065
1632492968,869306466,100.4495368,42.29566608,-83.7096444,242.197
1632492969,219876036,100.8001063,42.29566725,-83.70964514,242.813
1632492969,268914233,100.8491445,42.29566817,-83.70964678,243.294
1632492969,419680253,100.9999106,42.29566856,-83.70964703,243.111
1632492969,569702133,101.1499324,42.29566922,-83.70964735,242.999
1632492969,819284804,101.3995152,42.29566457,-83.70963957,241.558
1632492969,869173246,101.4494035,42.29567106,-83.70965181,244.9
1632492970,169907367,101.7501376,42.29567228,-83.70965389,245.652
1632492970,519549596,102.0997798,42.29566894,-83.70964354,242.732
1632492970,969103444,102.5493336,42.29567731,-83.70965847,245.413
1632492971,19207003,102.5994372,42.29567745,-83.70965857,245.421
1632492971,69002877,102.6492331,42.29567564,-83.7096553,244.535
1632492971,319982218,102.9002125,42.29567293,-83.70965071,243.39
1632492971,369907243,102.9501374,42.29567235,-83.70965003,243.558
1632492971,619452656,103.199683,42.29567239,-83.70965076,243.744
1632492971,672587256,103.2528174,42.29567305,-83.70965186,244.063
1632492971,970337411,103.5505676,42.29567134,-83.70965372,243.623
1632492972,219907691,103.800138,42.29567506,-83.70965713,245.436
1632492972,269823707,103.850054,42.29567533,-83.70965766,245.585
1632492972,719351848,104.299582,42.295677,-83.70965973,246.316
1632492972,769342240,104.3495724,42.29567653,-83.70965928,246.553
1632492973,170094656,104.750325,42.29567498,-83.70965712,246.347
1632492973,672370704,105.2526009,42.2956771,-83.70966029,247.276
1632492973,969094090,105.5493243,42.29567742,-83.70966085,247.147
1632492974,68977158,105.6492074,42.29567722,-83.70966076,247.075
1632492974,319760613,105.8999908,42.29567715,-83.70966138,247.042
1632492974,569497826,106.1497281,42.29567692,-83.70966111,247.016
1632492974,769443468,106.3496737,42.29567794,-83.70966317,247.596
1632492975,68953300,106.6491835,42.29567858,-83.70966404,247.508
1632492975,369675046,106.9499054,42.29568067,-83.70966566,248.314
1632492975,569432504,107.1496627,42.29567998,-83.70966468,247.905
1632492975,968931313,107.5491614,42.29567908,-83.7096616,247.025
1632492976,319743976,107.8999741,42.29567577,-83.70965536,245.573
1632492976,419493235,107.9997234,42.29567553,-83.70965533,245.521
1632492976,469436768,108.0496671,42.2956744,-83.70965308,244.906
1632492976,769180343,108.3494105,42.29567336,-83.70964817,243.946
1632492977,119795991,108.7000263,42.29567613,-83.70965203,245.038
1632492977,269681157,108.8499115,42.29567563,-83.70965079,244.671
1632492977,369583301,108.9498136,42.29567453,-83.7096501,244.611
1632492977,969969979,109.5502002,42.29567407,-83.70964925,244.444
1632492978,19943814,109.600174,42.29567404,-83.70964923,244.404
1632492978,69833141,109.6500633,42.29567263,-83.70964668,243.699
1632492978,169758701,109.749989,42.29567358,-83.70964726,243.826
1632492978,369579702,109.94981,42.29567379,-83.7096472,244.068
1632492978,469392514,110.0496228,42.29567371,-83.7096469,244
1632492978,769190458,110.3494208,42.29567091,-83.70964432,243.182
1632492978,969990068,110.5502203,42.29567158,-83.70964806,243.968
1632492979,219874432,110.8001046,42.29567288,-83.70964855,244.022
1632492979,469446953,111.0496771,42.29567301,-83.70964631,243.252
1632492979,569360902,111.1495912,42.29567386,-83.70964645,242.967
1632492979,619314886,111.1995451,42.29567395,-83.70964665,243.036
1632492979,869023293,111.4492536,42.29567395,-83.70964409,242.181
1632492979,919937453,111.5001676,42.29567414,-83.70964406,242.231
1632492980,269639165,111.8498695,42.29567493,-83.70964628,242.907
1632492980,319807308,111.9000375,42.29567513,-83.70964611,242.893
1632492980,819154191,112.3993845,42.29567493,-83.7096435,241.698
1632492980,920026263,112.5002565,42.29567292,-83.70964044,240.812
1632492981,569311836,113.1495421,42.29567305,-83.70963831,239.847
1632492981,619213686,113.1994438,42.29567312,-83.70963806,239.789
1632492981,969870984,113.5501013,42.29567454,-83.70963649,239.92
1632492982,211783573,113.7920139,NaN,NaN,NaN
1632492982,261556174,113.8417864,NaN,NaN,NaN
1632492982,560966765,114.141197,NaN,NaN,NaN
1632492982,762055922,114.3422861,NaN,NaN,NaN
1632492983,11806664,114.592037,NaN,NaN,NaN
1632492983,311549685,114.8917799,NaN,NaN,NaN
1632492983,560801559,115.1410317,NaN,NaN,NaN
1632492983,911871882,115.4921021,NaN,NaN,NaN
1632492984,162584130,115.7428143,NaN,NaN,NaN
1632492984,361387106,115.9416173,NaN,NaN,NaN
1632492984,410932082,115.9911623,NaN,NaN,NaN
1632492984,460879565,116.0411098,NaN,NaN,NaN
1632492984,510806265,116.0910366,NaN,NaN,NaN
1632492984,560944745,116.141175,NaN,NaN,NaN
1632492984,612172239,116.1924024,NaN,NaN,NaN
1632492984,664028403,116.2442586,NaN,NaN,NaN
1632492984,712247056,116.2924774,NaN,NaN,NaN
1632492984,761861930,116.3420923,NaN,NaN,NaN
1632492984,810664310,116.3908947,NaN,NaN,NaN
1632492984,862038869,116.4422691,NaN,NaN,NaN
1632492984,919857205,116.5000875,42.29566929,-83.70961957,235.603
1632492984,968828504,116.5490587,42.29566898,-83.70961898,235.361
1632492985,18770496,116.5990007,42.2956692,-83.70961917,235.461
1632492985,69809339,116.6500397,42.29568158,-83.70964212,241.843
1632492985,119767477,116.6999977,42.2956813,-83.70964208,241.737
1632492985,170528187,116.7507584,42.29568159,-83.70964235,241.654
