id,t,w_l,w_r
e,0,0,0
e,0.0987861156463623,0,0
e,0.197845935821533,0,0
e,0.29647159576416,0,0
e,0.395718574523926,0,0
e,0.494573354721069,0,0
e,0.593531370162964,0,0
e,0.692490577697754,0,0
e,0.791530132293701,0,0
e,0.890554666519165,0,0
e,0.989393949508667,0,0
e,1.09935235977173,0,0
e,1.19826698303223,0,0
e,1.29723978042603,0,0
e,1.39710140228271,0,0
e,1.49594688415527,0,0
e,1.59494256973267,0,0
e,1.69364356994629,0,0
e,1.80340909957886,0,0
e,1.89168906211853,0,0
e,1.99102258682251,0,0
e,2.10097074508667,0,0
e,2.19969964027405,0,0
e,2.29907274246216,0,0
e,2.39727163314819,0,0
e,2.49676322937012,0,0
e,2.59522104263306,0,0
e,2.69432377815247,0,0
e,2.79378414154053,0,0
e,2.99171495437622,0,0
e,3.0904757976532,0,0
e,3.18941736221313,0,0
e,3.29909324645996,0,0
e,3.39851498603821,0,0
e,3.49807715415955,0,0
e,3.59690189361572,0,0
e,3.69577097892761,0,0
e,3.79468750953674,0,0
e,3.8931028842926,0,0
e,3.99254012107849,0,0
e,4.09211683273315,0,0
e,4.19063878059387,0,0
e,4.29158711433411,0,0
e,4.49899649620056,0,0
e,4.59783792495728,0,0
e,4.79596734046936,0,0
e,4.99377226829529,0,0
e,5.09297394752502,0,0
e,5.19129610061646,0,0
e,5.29333829879761,0,0
e,5.38937163352966,0,0
e,5.60275316238403,0,0
e,5.79718446731567,0,0
e,5.89531636238098,0,0
e,5.99481821060181,0,0
e,6.09367823600769,0,0
e,6.19222283363342,0,0
e,6.29179120063782,0,0
e,6.39027285575867,0,0
e,6.48945426940918,0,0
e,6.59914565086365,0,0
e,6.71026182174683,0,0
e,6.797935962677,0,0
e,6.89719581604004,0,0
e,6.99564814567566,0,0
e,7.09474897384644,0,0
e,7.2926504611969,0,0
e,7.49093222618103,0,0
e,7.58950996398926,0,0
e,7.70009446144104,0,0
e,7.79852986335754,0,0
e,8.00021719932556,0,0
e,8.0952742099762,0,0
e,8.19456577301025,0,0
e,8.2941255569458,0,0
e,8.39240145683289,0,0
e,8.50283789634705,0,0
e,8.59062361717224,0,0
e,8.81071996688843,0,0
e,8.89817881584167,0,0
e,9.09621405601501,0,0
e,9.19568681716919,0,0
e,9.29526305198669,0,0
e,9.39382386207581,0,0
e,9.49218010902405,0,0
e,9.59171414375305,0,0
e,9.69096112251282,0,0
e,9.78945708274841,0,0
e,9.89999890327454,0,0
e,9.99917221069336,0,0
e,10.0979568958282,0,0
e,10.196400642395,0,0
e,10.2960209846497,0,0
e,10.394243478775,0,0
e,10.4937257766724,0,0
e,10.5925393104553,0,0
e,10.8893744945526,0,0
e,10.999363899231,0,0
e,11.0991468429565,0,0
e,11.1975135803223,0,0
e,11.2969608306885,0,0
e,11.3962202072144,0,0
e,11.4942440986633,0,0
e,11.5938746929169,0,0
e,11.6928703784943,0,0
e,11.7913229465485,0,0
e,11.9893343448639,0,0
e,12.09947514534,0,0
e,12.200489282608,0,0
e,12.2979974746704,0,0
e,12.3969388008118,0,0
e,12.4962122440338,0,0
e,12.5947391986847,0,0
e,12.6936066150665,0,0
e,12.7927756309509,0,0
e,12.8918392658234,0,0
e,12.9904501438141,0,0
e,13.0894024372101,0,0
e,13.1999413967133,0,0
e,13.2985558509827,0,0
e,13.3984889984131,0,0
e,13.4966490268707,0,0
e,13.5958960056305,0,0
e,13.6952712535858,0,0
e,13.7937445640564,0,0
e,13.9921989440918,0,0
e,14.1018664836884,0,0
e,14.2994453907013,0,0
e,14.3984141349792,0,0
e,14.4977612495422,0,0
e,14.7966539859772,0,0
e,14.8936219215393,0,0
e,14.9929442405701,0,0
e,15.0914297103882,0,0
e,15.1903183460236,0,0
e,15.289838552475,0,0
e,15.4000144004822,0,0
e,15.4991819858551,0,0
e,15.5973660945892,0,0
e,15.6972386837006,0,0
e,15.7956247329712,0,0
e,15.9937205314636,0,0
e,16.0925197601318,0,0
e,16.1914184093475,0,0
e,16.3926541805267,0,0
e,16.4999585151672,0,0
e,16.5991785526276,0,0
e,16.6973087787628,0,0
e,16.7967057228088,0,0
e,16.8963360786438,0,0
e,16.9951782226562,0,0
e,17.0937221050262,0,0
e,17.1925432682037,0,0
e,17.2915012836456,0,0
e,17.3913431167603,0,0
e,17.489223241806,0,0
e,17.5999717712402,0,0
e,17.6984786987305,0,0
e,17.7976868152618,0,0
e,17.8968963623047,0,0
e,17.9956686496735,0,0
e,18.0942931175232,0,0
e,18.1939551830292,0,0
e,18.2930092811584,0,0
e,18.3917083740234,0,0
e,18.4905977249146,0,0
e,18.5896844863892,0,0
e,18.7002763748169,0,0
e,18.7984173297882,0,0
e,18.8978624343872,0,0
e,18.9967777729034,0,0
e,19.0961050987244,0,0
e,19.3930902481079,0,0
e,19.5966515541077,0,0
e,19.6892938613892,0,0
e,19.8992021083832,0,0
e,20.0006055831909,0,0
e,20.1080377101898,0,0
e,20.195547580719,0,0
e,20.3937423229218,0,0
e,20.4927072525024,0,0
e,20.5917279720306,0,0
e,20.6904296875,0,0
e,20.8013114929199,0,0
e,20.8995471000671,0,0
e,20.9992253780365,0,0
e,21.097336769104,0,0
e,21.1969482898712,0,0
e,21.295848608017,0,0
e,21.3948292732239,0,0
e,21.5932524204254,0,0
e,21.6914203166962,0,0
e,21.790399312973,0,0
e,22.0000133514404,0,0
e,22.098696231842,0,0
e,22.1982674598694,0,0
e,22.3964235782623,0,0
e,22.4950094223022,0,0
e,22.5939114093781,0,0
e,22.6932063102722,0,0
e,22.791718006134,0,0
e,22.8922019004822,0,0
e,22.9895083904266,0,0
e,23.0995190143585,0,0
e,23.2979409694672,0,0
e,23.3969275951385,0,0
e,23.5005145072937,0,0
e,23.5947415828705,0,0
e,23.6937627792358,0,0
e,23.7926273345947,0,0
e,23.8914265632629,0,0
e,24.0014092922211,0,0
e,24.0894899368286,0,0
e,24.2005972862244,0,0
e,24.303076505661,0,0
e,24.3978533744812,0,0
e,24.4965467453003,0,0
e,24.5954403877258,0,0
e,24.6950573921204,0,0
e,24.7940032482147,0,0
e,24.8933002948761,0,0
e,24.9915354251862,0,0
e,25.2012991905212,0,0
e,25.3000979423523,0,0
e,25.497448682785,0,0
e,25.5978443622589,0,0
e,25.6959068775177,0,0
e,25.7958118915558,0,0
e,25.8938314914703,0,0
e,25.9924178123474,0,0
e,26.0916888713837,0,0
e,26.190681219101,0,0
e,26.2903106212616,0,0
e,26.4000906944275,0,0
e,26.4990334510803,0,0
e,26.5983548164368,0,0
e,26.7957465648651,0,0
e,26.894832611084,0,0
e,26.9937448501587,0,0
e,27.0927448272705,0,0
e,27.1914930343628,0,0
e,27.4997308254242,0,0
e,27.598739862442,0,0
e,27.6982474327087,0,0
e,27.7969272136688,0,0
e,27.8956863880157,0,0
e,27.9951906204224,0,0
e,28.0967893600464,0,0
e,28.2915782928467,0,0
e,28.3904423713684,0,0
e,28.4895842075348,0,0
e,28.698842048645,0,0
e,28.7977025508881,0,0
e,28.8967847824097,0,0
e,28.9958281517029,0,0
e,29.0948469638824,0,0
e,29.292777299881,0,0
e,29.3915076255798,0,0
e,29.4909794330597,0,0
e,29.5903344154358,0,0
e,29.7017030715942,0,0
e,29.8983528614044,0,0
e,29.9970052242279,0,0
e,30.0963342189789,0,0
e,30.1948523521423,0,0
e,30.2937321662903,0,0
e,30.3925139904022,0,0
e,30.4918706417084,0,0
e,30.5907657146454,0,0
e,30.6903851032257,0,0
e,30.8002417087555,0,0
e,30.8986709117889,0,0
e,30.9981985092163,0,0
e,31.0967056751251,0,0
e,31.1954720020294,0,0
e,31.2947299480438,0,0
e,31.3937864303589,0,0
e,31.4929177761078,0,0
e,31.5914976596832,0,0
e,31.6906332969666,0,0
e,31.7925610542297,0,0
e,31.900194644928,0,0
e,31.9992682933807,0,0
e,32.0977356433868,0,0
e,32.1967039108276,0,0
e,32.2965245246887,0,0
e,32.3948802947998,0,0
e,32.5925664901733,0,0
e,32.6916086673737,0,0
e,32.889662027359,0,0
e,33.003758430481,0,0
e,33.0989346504211,0,0
e,33.1980593204498,0,0
e,33.3076360225677,0,0
e,33.3965229988098,0,0
e,33.4946739673615,0,0
e,33.5943086147308,0,0
e,33.6926174163818,0,0
e,33.791647195816,0,0
e,33.8906674385071,0,0
e,34.0005128383636,0,0
e,34.0997126102448,0,0
e,34.1987040042877,0,0
e,34.2978219985962,0,0
e,34.3974325656891,0,0
e,34.4961934089661,0,0
e,34.5949549674988,0,0
e,34.6938965320587,0,0
e,34.7965309619904,0,0
e,34.892049074173,0,0
e,34.9907627105713,0,0
e,35.0895652770996,0,0
e,35.200142621994,0,0
e,35.2985227108002,0,0
e,35.3979251384735,0,0
e,35.4972097873688,0,0
e,35.7939984798431,0,0
e,35.8933544158936,0,0
e,36.0046329498291,0,0
e,36.0917229652405,0,0
e,36.1897766590118,0,0
e,36.3002076148987,0,0
e,36.3994319438934,0,0
e,36.4982218742371,0,0
e,36.5969476699829,0,0
e,36.6959755420685,0,0
e,36.8940563201904,0,0
e,36.9927587509155,0,0
e,37.0924789905548,0,0
e,37.190527677536,0,0
e,37.2897009849548,0,0
e,37.3996438980103,0,0
e,37.498640537262,0,0
e,37.5984928607941,0,0
e,37.7956597805023,0,0
e,37.8951482772827,0,0
e,37.9938988685608,0,0
e,38.0928153991699,0,0
e,38.290657043457,0,0
e,38.3899712562561,0,0
e,38.4996321201324,0,0
e,38.5985579490662,0,0
e,38.6979739665985,0,0
e,38.7970817089081,0,0
e,38.9075736999512,0,0
e,39.0055963993073,0,0
e,39.0938267707825,0,0
e,39.1926681995392,0,0
e,39.2915773391724,0,0
e,39.391547203064,0,0
e,39.4904553890228,0,0
e,39.6003558635712,0,0
e,39.6987652778625,0,0
e,39.7984929084778,0,0
e,39.8981883525848,0,0
e,40.0948345661163,0,0
e,40.1937389373779,0,0
e,40.2967495918274,0,0
e,40.3924260139465,0,0
e,40.4911165237427,0,0
e,40.5905394554138,0,0
e,40.7000372409821,0,0
e,40.8981964588165,0,0
e,40.9966871738434,0,0
e,41.0959639549255,0,0
e,41.1947891712189,0,0
e,41.2940831184387,0,0
e,41.3930511474609,0,0
e,41.4924485683441,0,0
e,41.5915973186493,0,0
e,41.8000528812408,0,0
e,41.9981670379639,0,0
e,42.1962168216705,0,0
e,42.2951328754425,0,0
e,42.3936121463776,0,0
e,42.4932773113251,0,0
e,42.5922465324402,0,0
e,42.6907687187195,0,0
e,42.9002778530121,0,0
e,42.9995262622833,0,0
e,43.0980515480042,0,0
e,43.1965956687927,0,0
e,43.2961614131927,0,0
e,43.3953840732574,0,0
e,43.494074344635,0,0
e,43.5930824279785,0,0
e,43.7905592918396,0,0
e,43.8899085521698,0,0
e,43.9996266365051,0,0
e,44.0988826751709,0,0
e,44.1978013515472,0,0
e,44.2972629070282,0,0
e,44.3958790302277,0,0
e,44.4950361251831,0,0
e,44.6929545402527,0,0
e,44.7916021347046,0,0
e,44.995213508606,0,0
e,45.1005384922028,0,0
e,45.1988131999969,0,0
e,45.2981572151184,0,0
e,45.3970510959625,0,0
e,45.4958372116089,0,0
e,45.5950229167938,0,0
e,45.6938655376434,0,0
e,45.7928681373596,0,0
e,45.8924691677094,0,0
e,45.9917137622833,0,0
e,46.0905344486237,0,0
e,46.1997339725494,0,0
e,46.300332069397,0,0
e,46.3977973461151,0,0
e,46.5976731777191,0,0
e,46.6947467327118,0,0
e,46.794102191925,0,0
e,46.8929772377014,0,0
e,46.9921765327454,0,0
e,47.0915942192078,0,0
e,47.2040531635284,0,0
e,47.3001906871796,0,0
e,47.3993725776672,0,0
e,47.4981083869934,0,0
e,47.597592830658,0,0
e,47.6962394714355,0,0
e,47.7947766780853,0,0
e,48.0918414592743,0,0
e,48.1911973953247,0,0
e,48.2896702289581,0,0
e,48.4995908737183,0,0
e,48.5984392166138,0,0
e,48.6973028182983,0,0
e,48.7956836223602,0,0
e,48.8948719501495,0,0
e,49.0926330089569,0,0
e,49.2026619911194,0,0
e,49.2913539409637,0,0
e,49.5005903244019,0,0
e,49.5996654033661,0,0
e,49.6981272697449,0,0
e,49.7973055839539,0,0
e,49.8960525989532,0,0
e,49.995641708374,0,0
e,50.0946204662323,0,0
e,50.1937756538391,0,0
e,50.292943239212,0,0
e,50.4899818897247,0,0
e,50.6004798412323,0,0
e,50.7982318401337,2.66505148394912,2.66505148394912
e,50.8973431587219,3.45245305875227,3.1496062992126
e,50.9957098960876,2.96789824348879,0.0605693519079346
e,51.094776391983,3.63416111447608,-0.181708055723804
e,51.1939787864685,5.33010296789824,-0.242277407631738
e,51.2935934066772,6.05693519079346,0.181708055723804
e,51.3926384449005,5.99636583888552,0.969109630526953
e,51.4910180568695,6.05693519079346,1.63537250151423
e,51.5897133350372,6.05693519079346,2.24106602059358
e,51.7006568908691,6.05693519079346,1.63537250151423
e,51.7989418506622,6.05693519079346,0.908540278619019
e,51.8984048366547,6.05693519079346,0.0605693519079346
e,52.0964832305908,6.05693519079346,0.423985463355542
e,52.1958811283112,6.05693519079346,0.545124167171411
e,52.294445514679,5.0878255602665,-0.605693519079346
e,52.4046506881714,6.05693519079346,0.908540278619019
e,52.4922297000885,6.05693519079346,1.81708055723804
e,52.59135222435,6.05693519079346,1.69594185342217
e,52.6906840801239,5.99636583888552,1.63537250151423
e,52.8000457286835,5.99636583888552,1.63537250151423
e,52.8989996910095,5.87522713506965,0.78740157480315
e,52.9978857040405,4.17928528164749,-0.78740157480315
e,53.0967860221863,4.30042398546336,-0.605693519079346
e,53.1960196495056,4.60327074500303,-0.363416111447607
e,53.2955660820007,5.63294972743792,0.726832222895215
e,53.3941009044647,5.26953361599031,0.302846759539673
e,53.6034178733826,3.69473046638401,-0.302846759539673
e,53.6916217803955,4.36099333737129,0.363416111447607
e,53.7900876998901,5.45124167171411,1.69594185342217
e,53.9005041122437,1.81708055723804,1.81708055723804
e,54.0104007720947,0,0
e,54.0986268520355,0,0
e,54.1968026161194,3.1496062992126,0.423985463355542
e,54.2968327999115,5.26953361599031,1.93821926105391
e,54.3955702781677,6.05693519079346,2.60448213204119
e,54.5929279327393,6.05693519079346,2.42277407631738
e,54.692512512207,6.05693519079346,0.181708055723804
e,54.7929863929749,5.26953361599031,-0.726832222895215
e,54.9015710353851,6.05693519079346,0.969109630526953
e,55.0000243186951,6.05693519079346,1.45366444579043
e,55.1987652778625,5.99636583888552,2.78619018776499
e,55.2976343631744,6.05693519079346,3.21017565112053
e,55.3963055610657,6.05693519079346,3.45245305875227
e,55.4957630634308,6.05693519079346,3.81586917019988
e,55.5937206745148,5.99636583888552,3.87643852210781
e,55.693505525589,6.05693519079346,3.63416111447608
e,55.79287981987,6.05693519079346,6.05693519079346
e,55.8915350437164,6.05693519079346,6.05693519079346
e,55.9907574653625,6.05693519079346,4.60327074500303
e,56.1003742218018,6.05693519079346,4.23985463355542
e,56.1989188194275,6.05693519079346,3.93700787401575
e,56.2980165481567,6.05693519079346,3.57359176256814
e,56.3966989517212,6.05693519079346,3.45245305875227
e,56.4961593151093,6.05693519079346,3.45245305875227
e,56.5949883460999,6.05693519079346,4.48213204118716
e,56.6938111782074,6.05693519079346,6.05693519079346
e,56.8044533729553,6.05693519079346,6.05693519079346
e,56.8929555416107,6.05693519079346,6.05693519079346
e,56.9919023513794,6.05693519079346,6.05693519079346
e,57.0902848243713,6.05693519079346,6.05693519079346
e,57.2003543376923,6.05693519079346,6.05693519079346
e,57.2998218536377,5.81465778316172,5.81465778316172
e,57.3979876041412,5.81465778316172,5.81465778316172
e,57.4969491958618,5.57238037552998,6.05693519079346
e,57.5958857536316,6.05693519079346,6.05693519079346
e,57.69571185112,6.05693519079346,6.05693519079346
e,57.7939252853394,5.69351907934585,6.05693519079346
e,57.8936905860901,5.99636583888552,6.05693519079346
e,57.9924395084381,5.20896426408237,6.05693519079346
e,58.102175951004,4.23985463355542,6.05693519079346
e,58.3000438213348,2.60448213204119,6.05693519079346
e,58.3997128009796,0.605693519079346,6.05693519079346
e,58.5974514484406,5.26953361599031,5.26953361599031
e,58.6961045265198,6.05693519079346,6.05693519079346
e,58.7955527305603,6.05693519079346,6.05693519079346
e,58.8942155838013,6.05693519079346,6.05693519079346
e,58.9936482906342,6.05693519079346,6.05693519079346
e,59.0926187038422,6.05693519079346,6.05693519079346
e,59.1914641857147,6.05693519079346,6.05693519079346
e,59.2898442745209,6.05693519079346,5.99636583888552
e,59.4001269340515,6.05693519079346,4.78497880072683
e,59.4997310638428,6.05693519079346,4.78497880072683
e,59.5983529090881,6.05693519079346,4.78497880072683
e,59.6977243423462,6.05693519079346,4.78497880072683
e,59.7963285446167,6.05693519079346,5.69351907934585
e,59.8953008651733,6.05693519079346,5.57238037552998
e,59.9948282241821,6.05693519079346,5.57238037552998
e,60.0935883522034,6.05693519079346,5.69351907934585
e,60.2917060852051,5.69351907934585,5.69351907934585
e,60.3907968997955,5.81465778316172,5.81465778316172
e,60.5009255409241,5.69351907934585,5.69351907934585
e,60.5992622375488,5.02725620835857,5.02725620835857
e,60.6980118751526,5.45124167171411,5.45124167171411
e,60.797132730484,5.81465778316172,5.81465778316172
e,60.9078648090363,6.05693519079346,6.05693519079346
e,60.9951210021973,5.69351907934585,5.69351907934585
e,61.1050662994385,5.99636583888552,5.99636583888552
e,61.2922637462616,4.60327074500303,4.60327074500303
e,61.3916168212891,3.87643852210781,3.87643852210781
e,61.4902641773224,5.02725620835857,5.02725620835857
e,61.6004490852356,3.21017565112053,3.21017565112053
e,61.6994850635529,1.3930950938825,1.3930950938825
e,61.7979488372803,1.93821926105391,1.93821926105391
e,62.4034740924835,4.7244094488189,4.7244094488189
e,62.4913551807404,4.60327074500303,4.60327074500303
e,62.5901281833649,4.60327074500303,4.60327074500303
e,62.7002663612366,4.7244094488189,4.7244094488189
e,62.7995965480804,4.84554815263477,4.84554815263477
e,62.8987274169922,4.84554815263477,4.84554815263477
e,62.9978628158569,5.02725620835857,5.02725620835857
e,63.0985214710236,5.69351907934585,5.69351907934585
e,63.1958410739899,5.57238037552998,5.57238037552998
e,63.2944464683533,4.84554815263477,4.84554815263477
e,63.4926447868347,2.54391278013325,1.02967898243489
e,63.800213098526,2.72562083585706,0.605693519079346
e,63.8992557525635,2.24106602059358,2.24106602059358
e,63.9980254173279,2.66505148394912,2.66505148394912
e,64.0972080230713,3.75529981829194,3.75529981829194
e,64.1959612369537,4.48213204118716,4.48213204118716
e,64.2949504852295,4.7244094488189,4.7244094488189
e,64.4929647445679,2.66505148394912,2.66505148394912
e,64.592009305954,1.02967898243489,2.60448213204119
e,64.6914706230164,0.847970926711084,0.847970926711084
e,64.9008293151855,0.847970926711084,1.69594185342217
e,64.9990873336792,2.48334342822532,3.63416111447608
e,65.0979149341583,3.27074500302847,4.23985463355542
e,65.1975789070129,1.69594185342217,2.11992731677771
e,65.296618938446,2.36220472440945,2.66505148394912
e,65.4945886135101,2.36220472440945,2.66505148394912
e,65.5932610034943,2.42277407631738,3.1496062992126
e,65.6921398639679,2.36220472440945,2.66505148394912
e,65.7919445037842,1.69594185342217,1.69594185342217
e,65.8898978233337,2.66505148394912,2.66505148394912
e,66.0004997253418,3.87643852210781,3.87643852210781
e,66.0992870330811,5.45124167171411,5.45124167171411
e,66.1981103420258,5.26953361599031,5.26953361599031
e,66.3959078788757,2.90732889158086,2.90732889158086
e,66.498480796814,1.51423379769836,1.51423379769836
e,66.5948414802551,1.3930950938825,1.3930950938825
e,66.7929353713989,2.24106602059358,2.24106602059358
e,66.893406867981,2.24106602059358,2.24106602059358
e,67.1003551483154,1.15081768625076,1.15081768625076
e,67.1996157169342,2.11992731677771,2.11992731677771
e,67.298193693161,2.48334342822532,2.48334342822532
e,67.3970944881439,2.24106602059358,2.24106602059358
e,67.5955147743225,2.24106602059358,2.24106602059358
e,67.6944963932037,2.24106602059358,2.24106602059358
e,67.7953214645386,2.24106602059358,2.24106602059358
e,67.8966765403748,2.24106602059358,2.24106602059358
e,67.9909272193909,2.36220472440945,2.36220472440945
e,68.090699672699,2.11992731677771,2.11992731677771
e,68.2000069618225,2.11992731677771,2.11992731677771
e,68.2990651130676,2.11992731677771,2.11992731677771
e,68.3980078697205,1.93821926105391,1.93821926105391
e,68.4976894855499,1.69594185342217,1.69594185342217
e,68.5962512493134,1.5748031496063,1.21138703815869
e,68.6954307556152,1.51423379769836,0.969109630526953
e,68.7948756217957,1.45366444579043,0.484554815263477
e,68.8938930034637,1.69594185342217,0.302846759539673
e,68.9927036762238,1.93821926105391,0.545124167171411
e,69.0916662216187,1.87764990914597,0.66626287098728
e,69.1905369758606,1.81708055723804,0.726832222895215
e,69.3006980419159,1.63537250151423,0.605693519079346
e,69.3991079330444,1.81708055723804,0.726832222895215
e,69.4979083538055,2.11992731677771,0.66626287098728
e,69.597359418869,2.05935796486978,0.484554815263477
e,69.7980396747589,1.69594185342217,0.242277407631738
e,69.8946642875671,1.51423379769836,0
e,69.9929084777832,1.51423379769836,0
e,70.0926702022552,1.63537250151423,0.0605693519079346
e,70.1919465065002,1.69594185342217,0
e,70.2901346683502,2.72562083585706,0.0605693519079346
e,70.4995234012604,3.02846759539673,0.0605693519079346
e,70.599014043808,2.96789824348879,0.121138703815869
e,70.6973798274994,2.96789824348879,0.121138703815869
e,70.7966303825378,2.96789824348879,0.121138703815869
e,70.8950145244598,2.96789824348879,0.121138703815869
e,70.9941964149475,2.96789824348879,0.121138703815869
e,71.0958127975464,3.45245305875227,0.66626287098728
e,71.1967663764954,3.21017565112053,0.423985463355542
e,71.2915372848511,3.39188370684434,0.545124167171411
e,71.3908052444458,3.21017565112053,0.423985463355542
e,71.4895958900452,3.3313143549364,0.605693519079346
e,71.5998113155365,3.39188370684434,0.545124167171411
e,71.6989026069641,3.39188370684434,0.726832222895215
e,71.7973039150238,2.66505148394912,0.121138703815869
e,71.8960196971893,1.99878861296184,-0.242277407631738
e,71.9965932369232,3.75529981829194,1.5748031496063
e,72.1966354846954,3.21017565112053,1.21138703815869
e,72.2929184436798,3.81586917019988,1.69594185342217
e,72.4028370380402,4.42156268927922,2.30163537250151
e,72.4907612800598,3.1496062992126,1.02967898243489
e,72.5894117355347,3.1496062992126,1.02967898243489
e,72.6989886760712,3.1496062992126,1.02967898243489
e,72.9964289665222,2.96789824348879,0.969109630526953
e,73.3047294616699,2.24106602059358,0.302846759539673
e,73.3943903446198,2.60448213204119,0.726832222895215
e,73.4917595386505,2.60448213204119,0.78740157480315
e,73.5907065868378,2.18049666868564,0.363416111447607
e,73.6894211769104,2.18049666868564,0.605693519079346
e,73.7993035316467,2.18049666868564,1.21138703815869
e,73.8979609012604,3.45245305875227,3.45245305875227
e,73.9978659152985,5.33010296789824,5.33010296789824
e,74.1959505081177,5.45124167171411,5.45124167171411
e,74.3937072753906,4.7244094488189,4.7244094488189
e,74.4926364421844,4.60327074500303,4.60327074500303
e,74.5914981365204,4.60327074500303,4.60327074500303
e,74.701024055481,5.81465778316172,5.81465778316172
e,74.8008344173431,5.57238037552998,5.57238037552998
e,74.8991074562073,4.7244094488189,4.7244094488189
e,74.9989686012268,3.75529981829194,4.05814657783162
e,75.0969343185425,1.5748031496063,2.60448213204119
e,75.1964244842529,0.78740157480315,1.69594185342217
e,75.306797504425,1.81708055723804,2.90732889158086
e,75.5930964946747,3.75529981829194,4.84554815263477
e,75.6917097568512,3.57359176256814,5.02725620835857
e,75.7904648780823,1.63537250151423,3.3313143549364
e,76.0000510215759,0,0
e,76.1002011299133,0,0
e,76.1972200870514,0,0
e,76.2972509860992,0,0
e,76.3969886302948,0,0
e,76.4941053390503,0,0
e,76.593674659729,0,0
e,76.6925337314606,0,0
e,76.7916917800903,0,0
e,76.8902008533478,0,0
e,76.9893662929535,0,0
e,77.1029074192047,0,0
e,77.198166847229,0,0
e,77.2974557876587,0,0
e,77.3993637561798,0,0
e,77.4997880458832,0,0
e,77.599081993103,0,0
e,77.6934571266174,0,0
e,77.7926845550537,0,0
e,77.8919312953949,0,0
e,78.1997091770172,0,0
e,78.2984762191772,0,0
e,78.3972687721252,0,0
e,78.4995231628418,0,0
e,78.6020505428314,0,0
e,78.6946616172791,0,0
e,78.7935419082642,0,0
e,78.8930048942566,0,0
e,78.9917471408844,0,0
e,79.0907847881317,0,0
e,79.1895236968994,0,0
e,79.2993974685669,0,0
e,79.501179933548,0,0
e,79.6959204673767,0,0
e,79.7948279380798,0,0
e,79.8939146995544,1.69594185342217,1.69594185342217
e,79.9928345680237,3.57359176256814,3.57359176256814
e,80.0918424129486,5.39067231980618,5.39067231980618
e,80.1906592845917,6.05693519079346,6.05693519079346
e,80.2894673347473,6.05693519079346,6.05693519079346
e,80.3991253376007,6.05693519079346,6.05693519079346
e,80.696400642395,6.05693519079346,6.05693519079346
e,80.7968194484711,6.05693519079346,6.05693519079346
e,80.8949174880981,6.05693519079346,6.05693519079346
e,81.2905738353729,6.05693519079346,2.66505148394912
e,81.3894863128662,6.05693519079346,2.96789824348879
e,81.4999165534973,6.05693519079346,5.81465778316172
e,81.5987071990967,6.05693519079346,6.05693519079346
e,81.6976540088654,6.05693519079346,6.05693519079346
e,81.9948589801788,0.726832222895215,0.726832222895215
e,82.093416929245,1.27195639006663,1.27195639006663
e,82.1927220821381,1.3930950938825,1.3930950938825
e,82.2916467189789,1.93821926105391,1.93821926105391
e,82.3904492855072,3.75529981829194,3.75529981829194
e,82.4893269538879,4.60327074500303,4.60327074500303
e,82.5992121696472,4.7244094488189,4.7244094488189
e,82.698548078537,5.45124167171411,5.45124167171411
e,82.797126531601,5.14839491217444,5.14839491217444
e,82.8969094753265,5.99636583888552,5.99636583888552
e,82.9965515136719,5.69351907934585,5.69351907934585
e,83.1940310001373,5.45124167171411,5.45124167171411
e,83.292195558548,5.45124167171411,5.45124167171411
e,83.3916621208191,5.14839491217444,5.14839491217444
e,83.4906017780304,3.39188370684434,3.39188370684434
e,83.5900626182556,3.08903694730466,3.08903694730466
e,83.7000498771667,3.08903694730466,3.08903694730466
e,83.897852897644,5.14839491217444,5.14839491217444
e,83.9968354701996,5.14839491217444,5.14839491217444
e,84.1062612533569,5.02725620835857,5.02725620835857
e,84.1945025920868,4.9061175045427,4.23985463355542
e,84.3925285339355,3.99757722592368,-0.545124167171411
e,84.4920170307159,4.23985463355542,-3.02846759539673
e,84.6896538734436,4.36099333737129,-2.90732889158086
e,84.7991213798523,4.30042398546336,-2.84675953967293
e,84.8987860679626,3.69473046638401,-1.99878861296184
e,84.9971623420715,2.84675953967293,-1.3930950938825
e,85.0968005657196,3.08903694730466,-0.726832222895215
e,85.1967976093292,3.1496062992126,-0.545124167171411
e,85.2942180633545,3.75529981829194,-0.0605693519079346
e,85.3936598300934,4.36099333737129,0.363416111447607
e,85.4930651187897,5.51181102362205,2.78619018776499
e,85.6905620098114,6.05693519079346,3.75529981829194
e,85.7896389961243,6.05693519079346,6.05693519079346
e,85.8998444080353,6.05693519079346,6.05693519079346
e,86.0006108283997,6.05693519079346,6.05693519079346
e,86.0990200042725,6.05693519079346,6.05693519079346
e,86.2951021194458,4.60327074500303,4.60327074500303
e,86.3959953784943,2.78619018776499,2.78619018776499
e,86.4937512874603,0.969109630526953,0.969109630526953
e,86.6918041706085,1.27195639006663,0.121138703815869
e,86.7900729179382,1.27195639006663,0.121138703815869
e,86.8896517753601,0.726832222895215,-0.726832222895215
e,86.9993159770966,0.726832222895215,-0.726832222895215
e,87.0986971855164,0.545124167171411,-0.545124167171411
e,87.197979927063,1.3930950938825,-0.242277407631738
e,87.2965171337128,0.423985463355542,-0.423985463355542
e,87.3958296775818,0.181708055723804,-0.181708055723804
e,87.4947607517242,0.0605693519079346,-0.0605693519079346
e,87.5938212871552,0,0
e,87.6928367614746,1.33252574197456,0.66626287098728
e,87.7910714149475,1.15081768625076,0.545124167171411
e,87.8907887935638,1.21138703815869,0.484554815263477
e,87.9896600246429,1.09024833434282,0.0605693519079346
e,88.099880695343,1.15081768625076,-0.484554815263477
e,88.1984066963196,2.78619018776499,0.545124167171411
e,88.2978885173798,2.24106602059358,0.242277407631738
e,88.3986096382141,1.93821926105391,0.302846759539673
e,88.4956920146942,2.30163537250151,1.33252574197456
e,88.5944106578827,3.81586917019988,3.1496062992126
e,88.6936612129211,5.02725620835857,4.7244094488189
e,88.7931544780731,5.20896426408237,5.0878255602665
e,88.8915328979492,5.02725620835857,5.02725620835857
e,89.0891766548157,4.84554815263477,4.84554815263477
e,89.1991469860077,3.93700787401575,2.96789824348879
e,89.2983140945435,4.48213204118716,3.87643852210781
e,89.3978102207184,3.75529981829194,2.66505148394912
e,89.5957334041595,3.69473046638401,3.02846759539673
e,89.7938098907471,4.36099333737129,3.39188370684434
e,89.8927326202393,4.23985463355542,3.81586917019988
e,89.9917712211609,4.23985463355542,3.27074500302847
e,90.0911235809326,5.14839491217444,5.14839491217444
e,90.1893584728241,5.02725620835857,5.02725620835857
e,90.6960959434509,5.99636583888552,5.99636583888552
e,90.8957650661469,5.69351907934585,5.69351907934585
e,90.9928538799286,3.87643852210781,3.87643852210781
e,91.0919895172119,4.17928528164749,4.17928528164749
e,91.2892925739288,2.48334342822532,2.48334342822532
e,91.3992624282837,4.05814657783162,4.05814657783162
e,91.4983410835266,5.45124167171411,5.45124167171411
e,91.697035074234,5.45124167171411,5.45124167171411
e,91.7956130504608,5.02725620835857,5.02725620835857
e,91.8945226669312,4.84554815263477,4.84554815263477
e,91.9937784671783,4.05814657783162,4.05814657783162
e,92.0927379131317,3.08903694730466,3.08903694730466
e,92.5984182357788,4.84554815263477,4.84554815263477
e,92.6980078220367,3.87643852210781,3.87643852210781
e,92.7967448234558,4.60327074500303,4.60327074500303
e,92.8958926200867,4.7244094488189,4.7244094488189
e,92.9946591854095,3.75529981829194,3.75529981829194
e,93.0936825275421,3.3313143549364,3.3313143549364
e,93.3904898166656,4.48213204118716,4.48213204118716
e,93.4892392158508,5.02725620835857,5.02725620835857
e,93.5991818904877,5.14839491217444,5.14839491217444
e,93.7978255748749,3.39188370684434,3.39188370684434
e,94.1935584545135,5.45124167171411,5.45124167171411
e,94.4904465675354,5.45124167171411,5.45124167171411
e,94.700094461441,5.45124167171411,5.45124167171411
e,94.7989504337311,4.84554815263477,4.84554815263477
e,94.8981378078461,5.02725620835857,5.02725620835857
e,94.9972131252289,4.7244094488189,4.7244094488189
e,95.0955145359039,3.39188370684434,3.39188370684434
e,95.1963927745819,4.17928528164749,4.17928528164749
e,95.2933065891266,4.17928528164749,4.17928528164749
e,95.3928272724152,5.26953361599031,5.26953361599031
e,95.4914894104004,5.14839491217444,5.14839491217444
e,95.6900105476379,5.26953361599031,5.26953361599031
e,95.7997848987579,3.63416111447608,3.63416111447608
e,95.8990833759308,4.7244094488189,4.7244094488189
e,95.9978399276733,5.14839491217444,5.14839491217444
e,96.0967407226562,4.84554815263477,4.84554815263477
e,96.2947206497192,5.26953361599031,5.26953361599031
e,96.4924936294556,3.87643852210781,3.87643852210781
e,96.5918984413147,4.7244094488189,4.7244094488189
e,96.9987585544586,2.36220472440945,2.36220472440945
e,97.1967747211456,5.02725620835857,5.02725620835857
e,97.2956910133362,4.84554815263477,4.84554815263477
e,97.7905149459839,5.14839491217444,5.14839491217444
e,97.8892796039581,5.14839491217444,5.14839491217444
e,98.2026290893555,2.24106602059358,2.24106602059358
e,98.296754360199,2.24106602059358,2.24106602059358
e,98.395601272583,2.90732889158086,2.90732889158086
e,98.6924984455109,5.14839491217444,5.14839491217444
e,98.890380859375,6.05693519079346,6.05693519079346
e,99.1988353729248,5.02725620835857,5.02725620835857
e,99.594559431076,5.02725620835857,5.02725620835857
e,99.6954307556152,5.02725620835857,5.02725620835857
e,99.99041056633,6.05693519079346,6.05693519079346
e,100.199855327606,6.05693519079346,6.05693519079346
e,100.496876239777,6.05693519079346,6.05693519079346
e,100.595591783524,5.99636583888552,5.99636583888552
e,100.991370201111,5.81465778316172,5.81465778316172
e,105.589252471924,6.05693519079346,6.05693519079346
e,108.097866535187,5.39067231980618,3.21017565112053
e,110.396802186966,6.05693519079346,2.48334342822532
e,115.995765686035,6.05693519079346,6.05693519079346
e,116.193591117859,6.05693519079346,6.05693519079346
e,116.391494512558,6.05693519079346,6.05693519079346
e,120.989738941193,6.05693519079346,6.05693519079346
e,121.495742559433,6.05693519079346,6.05693519079346
e,122.79364156723,6.05693519079346,6.05693519079346
e,123.596855163574,6.05693519079346,6.05693519079346
e,123.992517948151,6.05693519079346,6.05693519079346
e,124.190541267395,6.05693519079346,6.05693519079346
e,124.597688436508,6.05693519079346,6.05693519079346
e,124.993738889694,6.05693519079346,5.57238037552998
e,127.798852443695,6.05693519079346,6.05693519079346
e,127.996828079224,6.05693519079346,6.05693519079346
e,128.393530607224,6.05693519079346,6.05693519079346
e,128.799956083298,6.05693519079346,6.05693519079346
e,129.691374063492,5.51181102362205,6.05693519079346
e,133.200141429901,6.05693519079346,6.05693519079346
e,135.59788775444,5.02725620835857,5.02725620835857
e,136.39041519165,3.02846759539673,3.02846759539673
e,137.094702005386,6.05693519079346,6.05693519079346
e,138.590446472168,6.05693519079346,6.05693519079346
e,138.897913694382,6.05693519079346,6.05693519079346
e,142.197947025299,6.05693519079346,6.05693519079346
e,142.595057725906,6.05693519079346,6.05693519079346
e,143.100058317184,6.05693519079346,6.05693519079346
e,143.396799087524,6.05693519079346,6.05693519079346
e,143.793722629547,6.05693519079346,6.05693519079346
e,144.496900081635,6.05693519079346,6.05693519079346
e,144.992641687393,6.05693519079346,6.05693519079346
e,145.299984693527,6.05693519079346,6.05693519079346
e,145.89471745491,6.05693519079346,6.05693519079346
e,145.992921590805,6.05693519079346,6.05693519079346
e,146.29062461853,6.05693519079346,6.05693519079346
e,146.498946666718,6.05693519079346,6.05693519079346
e,147.799299716949,6.05693519079346,6.05693519079346
e,149.194542169571,6.05693519079346,0.242277407631738
e,149.39239859581,6.05693519079346,0.726832222895215
e,149.491512298584,6.05693519079346,0.605693519079346
e,150.195641517639,6.05693519079346,2.18049666868564
e,151.900112628937,6.05693519079346,3.1496062992126
e,152.494675397873,2.96789824348879,6.05693519079346
e,152.593562602997,4.96668685645064,6.05693519079346
e,155.893475294113,6.05693519079346,6.05693519079346
e,156.696768045425,6.05693519079346,6.05693519079346
e,157.994562387466,5.20896426408237,6.05693519079346
e,158.99574303627,6.05693519079346,6.05693519079346
e,159.094516515732,6.05693519079346,6.05693519079346
e,159.699975013733,6.05693519079346,6.05693519079346
e,160.194581031799,6.05693519079346,6.05693519079346
e,160.689341783524,6.05693519079346,6.05693519079346
e,160.99782705307,6.05693519079346,6.05693519079346
e,161.294677734375,6.05693519079346,6.05693519079346
e,161.80091881752,6.05693519079346,6.05693519079346
e,161.998953104019,6.05693519079346,6.05693519079346
e,162.097838878632,6.05693519079346,6.05693519079346
e,162.29569029808,6.05693519079346,6.05693519079346
e,162.394797086716,6.05693519079346,6.05693519079346
e,162.592830896378,6.05693519079346,5.39067231980618
e,162.88930273056,6.05693519079346,4.7244094488189
e,163.197137594223,6.05693519079346,6.05693519079346
e,163.791682958603,6.05693519079346,6.05693519079346
e,165.089470624924,6.05693519079346,6.05693519079346
e,165.595721483231,5.69351907934585,6.05693519079346
e,165.694658279419,5.69351907934585,6.05693519079346
e,166.189307689667,5.57238037552998,5.57238037552998
e,166.397946357727,5.87522713506965,6.05693519079346
e,166.893671274185,5.81465778316172,6.05693519079346
e,167.091390132904,5.81465778316172,6.05693519079346
e,167.69672369957,6.05693519079346,6.05693519079346
e,168.191480398178,5.57238037552998,5.57238037552998
e,169.489364624023,0,0
e,169.797379970551,0,0
e,171.392465353012,0,0
e,171.491530656815,0,0
e,171.997888803482,0,0
e,172.294663906097,0,0
e,172.393690824509,0,0
e,173.19664144516,2.11992731677771,2.11992731677771
e,174.296377420425,4.54270139309509,-4.48213204118716
e,174.593660831451,4.48213204118716,-4.48213204118716
e,175.199129581451,6.05693519079346,2.05935796486978
e,175.297847747803,6.05693519079346,4.60327074500303
e,175.396659612656,6.05693519079346,6.05693519079346
e,175.594824790955,6.05693519079346,6.05693519079346
e,176.397783041,6.05693519079346,6.05693519079346
e,177.090663671494,6.05693519079346,6.05693519079346
e,178.597652435303,6.05693519079346,6.05693519079346
e,179.598999500275,6.05693519079346,6.05693519079346
e,181.897879362106,6.05693519079346,4.60327074500303
e,182.19463968277,6.05693519079346,6.05693519079346
e,184.295990943909,6.05693519079346,6.05693519079346
e,187.199999809265,6.05693519079346,6.05693519079346
e,188.992996692657,6.05693519079346,6.05693519079346
e,189.99352812767,6.05693519079346,6.05693519079346
e,191.29215502739,6.05693519079346,6.05693519079346
e,191.996574401855,6.05693519079346,6.05693519079346
e,192.292979240417,6.05693519079346,6.05693519079346
e,192.491017341614,6.05693519079346,6.05693519079346
e,193.19460439682,6.05693519079346,5.14839491217444
e,193.392504453659,6.05693519079346,6.05693519079346
e,194.393486261368,6.05693519079346,6.05693519079346
e,194.690424442291,6.05693519079346,6.05693519079346
e,197.792408466339,6.05693519079346,6.05693519079346
e,200.09149312973,6.05693519079346,6.05693519079346
e,200.191340923309,6.05693519079346,6.05693519079346
e,200.498896837234,6.05693519079346,6.05693519079346
e,201.499993801117,6.05693519079346,6.05693519079346
e,201.895874500275,6.05693519079346,6.05693519079346
e,202.600018501282,6.05693519079346,6.05693519079346
e,206.494160890579,6.05693519079346,6.05693519079346
e,207.593598365784,6.05693519079346,6.05693519079346
e,209.694608926773,0,0
e,210.09051156044,0,0
e,212.29144859314,0,0
e,213.490333795547,0,0
e,215.095652580261,2.96789824348879,-0.423985463355542
e,215.491504669189,1.51423379769836,-0.847970926711084
e,216.691468238831,2.18049666868564,-0.726832222895215
e,217.097788095474,1.3930950938825,0
e,217.493657827377,4.05814657783162,1.02967898243489
e,219.693680047989,5.87522713506965,2.72562083585706
e,220.299612522125,6.05693519079346,6.05693519079346
e,220.398089885712,6.05693519079346,6.05693519079346
e,220.893085479736,6.05693519079346,6.05693519079346
e,222.289582252502,5.45124167171411,5.45124167171411
e,222.894588470459,6.05693519079346,6.05693519079346
e,224.094671010971,6.05693519079346,6.05693519079346
e,224.699210882187,6.05693519079346,6.05693519079346
e,226.194986581802,6.05693519079346,6.05693519079346
e,226.799920558929,5.57238037552998,5.57238037552998
e,227.393743991852,1.15081768625076,4.42156268927922
e,229.000221729279,6.05693519079346,6.05693519079346
e,229.197795152664,6.05693519079346,4.42156268927922
e,230.892001390457,0.726832222895215,0.726832222895215
e,232.1904733181,1.27195639006663,1.27195639006663
e,234.390292882919,0,0
e,235.292149305344,0,0
e,236.095504760742,0,0
e,236.392611980438,0,0
e,237.998000860214,0,0
e,238.394528865814,0,0
e,238.592532396317,0,0
e,239.097895145416,0,0
e,239.999858617783,0,0
e,240.099071264267,0,0
e,240.197932243347,0,0
