Sec,NanoSec,0ref_Sec,a_x,a_y,a_z,w_x,w_y,w_z
1632492868,429000960,0,-9.951411247,2.373792648,-9.782792091,0.001680774,0.543033242,-0.005017115
1632492868,529049856,0.100049019,-9.938762665,2.358283043,-10.29148769,-0.000305632,0.542163312,-0.008659596
1632492868,629094400,0.200093508,-9.891739845,2.365167618,-10.82203293,0.001260846,0.547820866,-0.007584046
1632492868,729140992,0.300140142,-9.84066391,2.358635664,-11.19021702,0.000834567,0.552226722,-0.00022332
1632492868,829189632,0.400188684,-9.75565815,2.364572525,-11.71445465,0.002929162,0.549450397,-0.004564093
1632492868,929240064,0.500239134,-9.668449402,2.350385904,-12.07757664,0.000860406,0.540644228,-0.000977856
1632492869,29286656,0.600285769,-9.539132118,2.360819578,-12.5733757,0.000717445,0.539161444,-0.00391979
1632492869,129341184,0.700340271,-9.367768288,2.35422945,-13.08337593,-0.002586223,0.541862071,-0.003440496
1632492869,229391616,0.80039072,-9.226183891,2.361698389,-13.45535946,-0.001796366,0.540589809,-0.002964129
1632492869,329437952,0.900437117,-9.019178391,2.360072613,-13.94615269,0.004359199,0.54403162,-0.003756278
1632492869,429486080,1.000485182,-8.847439766,2.349642038,-14.28258419,0.002774511,0.54809916,-0.005373497
1632492869,529536256,1.100535393,-8.599332809,2.361095428,-14.71614647,0.001191808,0.54965508,1.63E-05
1632492869,629582592,1.200581789,-8.309742928,2.34368515,-15.17230988,0.000685884,0.542254925,-0.002132425
1632492869,729630720,1.300629854,-8.081644058,2.371265888,-15.47659492,0.00556154,0.540597856,-0.008583606
1632492869,829680896,1.400680065,-7.7677598,2.36367321,-15.89760017,0.001606067,0.545946836,-0.001804778
1632492869,929726720,1.500725985,-7.502342224,2.376281261,-16.19404221,0.00164308,0.534980536,-0.006725923
1632492870,29774592,1.600773811,-7.139639378,2.371169806,-16.55619621,0.002132489,0.547960997,-0.003932877
1632492870,129824512,1.700823545,-6.764747143,2.37266469,-16.94469452,-0.000805189,0.549439251,-0.001719425
1632492870,229870336,1.800869465,-6.453142643,2.386708975,-17.19306183,-0.000140363,0.554421186,-0.003126072
1632492870,329918208,1.900917292,-6.036484718,2.373421669,-17.51974297,0.001283752,0.544337153,-0.001995774
1632492870,429974016,2.000973225,-5.7018466,2.412716866,-17.76328659,0.005166386,0.548224568,-0.006435713
1632492870,530019584,2.101018667,-5.258574486,2.398751259,-18.03181458,0.001111244,0.542372286,-0.003228819
1632492870,630073088,2.201072216,-4.806556702,2.397119522,-18.30062103,0.003605019,0.542118192,-0.003056803
1632492870,730122752,2.30112195,-4.408091545,2.426912069,-18.48283005,0.002878776,0.537786067,-0.001737424
1632492870,830174464,2.401173592,-3.927352905,2.424683571,-18.6931324,0.000462133,0.544969499,-0.004037131
1632492870,930221824,2.501220942,-3.500403404,2.451993465,-18.8524704,0.002216908,0.550860226,-0.00349148
1632492871,30271232,2.601270437,-3.011988401,2.451710939,-19.02334976,-0.000391224,0.550138295,-0.005787136
1632492871,130322688,2.70132184,-2.486073732,2.452971935,-19.14364243,-0.000213823,0.549862087,-0.004655063
1632492871,230370048,2.80136919,-2.046717882,2.480042934,-19.23572922,0.003016746,0.543401957,-0.003347688
1632492871,330419456,2.901418686,-1.538617253,2.459434986,-19.28934097,-1.27E-05,0.545737863,-0.000982946
1632492871,430470656,3.001469851,-1.028077841,2.539317608,-19.31327057,0.003607593,0.539499938,-0.004062055
1632492871,530523904,3.101523161,-0.489784122,2.474072695,-19.38402176,0.001809785,0.542058766,-0.006121054
1632492871,630573056,3.20157218,0.015051275,2.520898342,-19.35179138,0.002755648,0.545236409,-0.002470854
1632492871,730624000,3.301623106,0.535383582,2.527194262,-19.34783554,0.00056394,0.552455723,-0.004969561
1632492871,830677248,3.401676416,1.039246917,2.5365448,-19.25620651,0.001359471,0.54527247,-0.007043691
1632492871,930732288,3.501731396,1.577654839,2.568108797,-19.15452194,0.002448509,0.543464601,-0.003751327
1632492872,30783232,3.601782322,2.082939863,2.581252813,-19.04844284,0.000778516,0.546497643,-0.003196801
1632492872,130835968,3.701835155,2.576874733,2.576241493,-18.90073967,0.000539322,0.54327184,-0.005623591
1632492872,230884864,3.801883936,3.095527649,2.601191521,-18.72104073,0.002380364,0.546217442,-0.002542624
1632492872,330935552,3.901934624,3.571396589,2.609759808,-18.50577354,-0.000957042,0.541156352,-0.002324255
1632492872,430988544,4.001987696,4.098662853,2.62367034,-18.24284744,0.002172988,0.545992911,0.000359962
1632492872,531037440,4.102036476,4.552517891,2.643882036,-18.00941467,0.003774181,0.551670969,-0.002772998
1632492872,631088128,4.202087164,4.979983807,2.636571884,-17.70437241,0.0029375,0.547599077,-0.00393859
1632492872,731140608,4.302139759,5.450121403,2.664771318,-17.36339188,0.00233224,0.538203359,-0.005325338
1632492872,831189248,4.402188301,5.853983402,2.668792486,-17.0663929,0.00020161,0.543342769,-0.001546835
1632492872,931239936,4.502238989,6.297285557,2.691463709,-16.62928009,0.000694406,0.5383901,-0.005069057
1632492873,31292416,4.602291584,6.654785156,2.69824791,-16.25982857,0.000780338,0.541306436,-0.002708158
1632492873,131340800,4.702339888,7.005012512,2.704363346,-15.86900902,0.000313858,0.551704943,-0.007776846
1632492873,231397376,4.802396536,7.366055965,2.72069931,-15.38332939,0.003049598,0.55389142,-0.002736297
1632492873,331449600,4.902448654,7.651754856,2.726575851,-14.94467545,0.001980122,0.549012423,-0.004409958
1632492873,431509760,5.002508879,7.976082802,2.742652893,-14.43319511,0.003221217,0.550661206,-0.005667944
1632492873,531560192,5.102559328,8.214330673,2.752019882,-13.96179676,-0.000744288,0.540815055,-0.003531762
1632492873,631612416,5.202611446,8.424301147,2.756332397,-13.48677254,0.000298566,0.540499985,-0.001397625
1632492873,731666432,5.302665472,8.642023087,2.76889205,-12.91003799,0.000720337,0.542315245,-0.001354744
1632492873,831716608,5.402715683,8.796301842,2.772412777,-12.41033554,0.001026392,0.542741299,-0.00709238
1632492873,931768576,5.502767801,8.948800087,2.789141417,-11.82505512,-0.001446408,0.547947586,-0.003690921
1632492874,31822336,5.602821589,9.043533325,2.787477016,-11.30545807,0.002194458,0.547085047,-0.003310406
1632492874,131872512,5.702871561,9.114454269,2.791333199,-10.80717564,0.003449175,0.539575934,-0.003918094
1632492874,231924480,5.802923679,9.159755707,2.802351475,-10.16221714,0.001916924,0.547534049,-0.00599257
1632492874,331978240,5.902977467,9.161608696,2.806619644,-9.652356148,-0.000933685,0.543337464,-0.003447948
1632492874,432034048,6.003033161,9.133213043,2.810765505,-9.017308235,-0.001455116,0.542980075,-0.005996172
1632492874,532085760,6.103084803,9.071802139,2.802376509,-8.513920784,-0.001138761,0.544283271,-0.002896706
1632492874,632139264,6.203138351,8.983882904,2.817046165,-7.987392426,-0.000191662,0.538021445,0.001074589
1632492874,732195072,6.303194284,8.848530769,2.806099415,-7.381061554,0.001421498,0.54783994,-0.003777579
1632492874,832246784,6.403245926,8.702985764,2.817589521,-6.909828186,0.004927651,0.547904432,-0.003379108
1632492874,932306176,6.503305435,8.49952507,2.805685282,-6.303203106,0.002592164,0.548232257,-0.001133843
1632492875,32361472,6.603360653,8.300541878,2.807879448,-5.839911461,-0.001290152,0.548427045,-0.001535607
1632492875,132412928,6.703412056,8.064609528,2.801500797,-5.364244461,0.003213296,0.541699588,-0.002147948
1632492875,232466176,6.803465366,7.77012682,2.798398972,-4.850040436,0.002233966,0.543538034,-0.005105414
1632492875,332521472,6.903520584,7.487210274,2.798054218,-4.405395031,0.001706071,0.544694483,-0.004138326
1632492875,432578816,7.003577948,7.130702019,2.786102295,-3.933720112,0.002586118,0.546035171,-0.003671598
1632492875,532632064,7.103631258,6.772017956,1.539460182,-3.124658585,0.057057943,0.552174211,-0.03192348
1632492875,632687104,7.203686237,6.375416279,-0.372175455,-4.035399437,0.131659105,0.559254527,-0.082402349
1632492875,732744192,7.303743362,8.386386871,1.366212845,-3.28678894,-0.055727277,0.555505335,-0.428328723
1632492875,832797184,7.403796434,4.614220619,0.649905205,-2.891003132,0.00861366,0.564417243,-0.614011347
1632492875,932852224,7.503851414,6.456825256,5.181372643,-2.231812477,-0.046389066,0.556367993,-0.5476982
1632492876,32909312,7.603908539,3.420814991,-0.726852894,-1.317353725,0.052118711,0.570640504,-0.662936687
1632492876,132968192,7.703967333,3.038925409,-0.03201437,0.690545559,-0.262507886,0.53966397,-0.271352381
1632492876,233028864,7.804028034,2.744095802,3.013795137,0.060311317,-0.290511906,0.540592253,-0.101376548
1632492876,333085696,7.904084921,0.324931622,6.216174603,-2.74271965,-0.185299471,0.530774772,0.025446694
1632492876,433144320,8.004143476,0.025558472,7.040707588,1.470539093,0.170035645,0.551845849,0.217577696
1632492876,533198848,8.104197979,3.270401001,2.729629993,-6.915909767,0.241722316,0.557504654,0.142296508
1632492876,633255424,8.204254627,1.718627214,4.703465462,-3.480721474,-0.384568393,0.502454281,0.660109878
1632492876,733313792,8.304312944,0.222133756,3.831914425,1.039657593,0.21511972,0.5319646,0.613253653
1632492876,833368320,8.404367447,6.412894726,0.017607927,8.469376564,-0.180412158,0.528220534,0.392141402
1632492876,933424640,8.504423857,-3.965856075,5.026429176,-0.332742691,-0.060250118,0.550299764,-0.09996511
1632492877,33483008,8.604482174,0.46875608,4.434167862,-1.427054405,-0.251438916,0.533590436,0.118677065
1632492877,133543168,8.704542398,-1.372347116,4.894729137,-1.511985779,0.107024744,0.528752208,0.312248051
1632492877,233599232,8.804598331,-0.457913399,2.87003231,0.994048119,-0.002346041,0.541848779,0.207962096
1632492877,333657344,8.90465641,-0.049812913,3.694134712,3.085308075,-0.064622566,0.550630271,-0.071682557
1632492877,433717504,9.004716635,-0.709211648,3.816206217,2.417640686,-0.198379174,0.534631252,0.29816103
1632492877,533779456,9.104778528,3.085508347,5.611271858,-0.35531044,0.111500844,0.52416712,0.117855735
1632492877,633837568,9.204836607,-2.852493286,6.033998489,-1.568856239,0.181201443,0.53520751,0.56745708
1632492877,733903360,9.304902554,0.076585531,2.553969145,-1.81341362,0.270001352,0.541209996,0.038434848
1632492877,833959168,9.404958248,-5.711612701,4.118889332,-1.168433189,-0.038642406,0.539888501,0.18405436
1632492877,934016768,9.50501585,-6.929816246,5.372064114,-6.412975311,-0.273751259,0.574290097,0.147631764
1632492878,34076416,9.605075598,-3.705012798,4.591105461,2.726399899,-0.182414889,0.552449286,-0.07616473
1632492878,134138112,9.705137253,-4.339213848,7.766752243,-4.277709961,0.458282083,0.542459667,0.015660578
1632492878,234195712,9.805194855,-4.87143898,3.322811842,-0.062022209,-0.048821047,0.539835334,0.045973629
1632492878,334255104,9.905254364,-5.440109253,2.379288435,-2.378647327,-0.519392312,0.5440014,-0.073744461
1632492878,434316288,10.00531554,-5.98281765,5.223743439,-4.206772327,-0.024576498,0.547803819,0.050351758
1632492878,534373632,10.10537267,-4.41604948,4.62077713,-0.928616047,0.091270089,0.540894926,-0.046913169
1632492878,634432768,10.20543194,-6.745620728,3.937116623,-3.575803757,-0.034678426,0.54129976,0.00600434
1632492878,734493952,10.30549312,-6.699801922,3.509998798,0.00496912,0.047800258,0.554143667,0.001919646
1632492878,834551296,10.40555048,-3.793961525,5.288094997,-4.420323372,0.213481784,0.540157437,-0.021942142
1632492878,934616320,10.50561547,-9.447381973,6.284537315,-5.120031357,0.509959996,0.570658147,0.076647922
1632492879,34683392,10.60568261,-5.995948315,1.344250917,-4.576267242,0.063821629,0.543264151,0.056685686
1632492879,134746368,10.70574546,-6.415930271,4.91464901,-8.338699341,-0.188452065,0.510959566,0.138131753
1632492879,234811136,10.80581021,-9.902777672,5.490580082,-7.035365105,-0.219664365,0.524835289,0.494742632
1632492879,334871808,10.90587091,-6.871919632,6.59360981,-3.926196575,0.111433275,0.544574976,0.420135915
1632492879,434934784,11.005934,-7.063062668,8.051354408,-8.021185875,-0.120515034,0.54380703,-0.200320095
1632492879,534993664,11.10599279,-9.450153351,7.510457039,-6.149874687,-0.000879039,0.538894057,0.092790805
1632492879,635054336,11.2060535,-7.864449024,5.03595829,-7.661224842,0.015279757,0.55177021,-0.016277345
1632492879,735117056,11.3061161,-8.502648354,4.134698391,-8.078925133,-0.078060172,0.541679978,0.102409676
1632492879,835181568,11.40618062,-7.725438595,4.865362644,-8.291027069,-0.135641158,0.544542372,0.067406051
1632492879,935241984,11.50624108,-8.063138962,6.069050789,-8.05859375,-0.038433019,0.546707034,-0.009919494
1632492880,35304192,11.60630345,-7.763173103,5.428478718,-8.798330307,0.049062572,0.540259004,-0.013193998
1632492880,135368448,11.70636749,-8.573092461,3.329360962,-9.324419975,0.138088465,0.53359133,-0.059146751
1632492880,235428864,11.80642796,-8.556708336,2.171481371,-10.03831673,-0.130696848,0.539685667,0.017094063
1632492880,335491328,11.90649056,-9.265381813,3.272872686,-10.71835613,0.071000122,0.541072905,-0.175441891
1632492880,435555584,12.00655484,-11.03206635,6.176608086,-10.77794838,-0.292664081,0.537810206,0.035602365
1632492880,535621632,12.10662079,-7.712885857,8.198429108,-10.12490463,-0.165703908,0.543588936,-0.43551147
1632492880,635683584,12.20668268,-8.862051964,6.950709343,-10.15420723,0.114622466,0.572352231,-0.702076077
1632492880,735753472,12.30675268,-8.965218544,3.746743202,-12.46436214,0.481912196,0.576336026,-0.882890046
1632492880,835819264,12.40681839,-11.16828346,0.600492835,-13.62803173,0.132662252,0.556910694,-0.573467135
1632492880,935881216,12.50688028,-9.651724815,-0.350090265,-14.00795841,-0.015800133,0.555766881,-0.400845498
1632492881,35945216,12.60694432,-9.829476357,0.163143992,-14.82503986,0.101179518,0.552622855,-0.33604452
1632492881,136011008,12.70701027,-7.886583328,2.54541254,-14.6821022,-0.161446095,0.543890715,-0.270476669
1632492881,236072704,12.80707192,-9.434001923,1.374729395,-11.14962578,-0.269671977,0.551301777,-0.292107731
1632492881,336136192,12.90713525,-11.47217846,2.999910355,-18.48297882,0.168899432,0.55499202,-0.431922764
1632492881,436201472,13.00720072,-9.34519577,-2.395970106,-15.36604881,0.231298149,0.550452173,-0.156771615
1632492881,536263168,13.10726237,-8.696331024,-0.622429788,-17.16224289,0.120613821,0.558368385,-0.006045601
1632492881,636326400,13.20732546,-5.459739208,0.412046313,-12.18613434,0.186430305,0.543766797,-0.072653048
1632492881,736391680,13.30739093,-6.960132599,-2.76368928,-13.98463058,-0.712992787,0.529570341,0.068444207
1632492881,836459008,13.40745807,-6.373215675,5.503365517,-15.68597794,0.071903475,0.547122359,0.048555084
1632492881,936522496,13.50752163,-5.712263584,1.521906137,-16.35513115,0.21647732,0.538015723,0.04445402
1632492882,36593664,13.60759282,-6.502286911,2.477843523,-20.07242775,0.070224226,0.539376497,0.183036134
1632492882,136660736,13.70765996,-5.289503574,0.586111367,-19.160923,-0.250908166,0.547023118,0.55213517
1632492882,236723712,13.80772281,-3.581102371,0.977600157,-16.51016045,-0.11119815,0.536301613,0.458689332
1632492882,336788736,13.9077878,-4.655740738,1.558544159,-15.51149368,0.636441469,0.543686926,-0.08507745
1632492882,436855552,14.0078547,-4.780019283,0.44004482,-14.70846748,-0.136946052,0.548630297,0.049401868
1632492882,536918272,14.10791731,-4.057777405,0.553121448,-18.53948975,-0.081757687,0.547572911,0.072841473
1632492882,636983296,14.20798254,-3.673219919,1.763221979,-17.69405365,-0.167128131,0.559940994,-0.029184964
1632492882,737050112,14.3080492,-1.481266022,-0.561353385,-19.26706886,-0.096955396,0.556274056,-0.171834573
1632492882,837118720,14.40811777,-2.065941095,0.511118472,-19.34901047,-0.109577544,0.538032472,0.048195373
1632492882,937183232,14.50818229,-2.044270515,1.362041116,-17.95804596,0.278286338,0.552093565,0.046142057
1632492883,37249792,14.60824895,-0.892179012,2.456296206,-20.6260376,0.113977224,0.528656185,0.18937017
1632492883,137318144,14.70831728,-0.261040956,-0.30996564,-16.6403923,0.117991135,0.550267041,0.266589642
1632492883,237382400,14.80838156,0.801180422,0.226234078,-17.98588943,0.363474518,0.557433128,-0.007806532
1632492883,337454592,14.9084537,2.374160767,-1.426960468,-18.70965576,-0.236697957,0.538587272,-0.006051757
1632492883,437522688,15.0085218,2.236446381,1.513711095,-21.2767067,0.223095149,0.543420792,0.09996365
1632492883,537598720,15.10859776,1.945212722,-2.07875514,-18.18845749,-0.209766492,0.540273428,0.061504092
1632492883,637664768,15.20866394,2.952085257,0.237012476,-16.83396339,-0.083228767,0.542346001,-0.039423376
1632492883,737732864,15.30873203,2.767743587,1.474784493,-20.51787949,-0.219185799,0.538202047,0.156089544
1632492883,837802752,15.40880179,4.67372036,1.505645156,-17.31665993,0.170479044,0.546635211,0.20916459
1632492883,937868544,15.50886774,5.263903141,0.759793282,-20.8777771,0.032906007,0.528380632,0.305336624
1632492884,37936384,15.60893559,3.932820082,-1.008414984,-17.67136192,-0.325364679,0.517325461,0.308297038
1632492884,138006016,15.70900512,3.451709747,0.030947618,-18.05942154,-0.045471042,0.560230076,0.287888616
1632492884,238071552,15.80907059,5.454746723,-1.144785404,-14.88197517,0.253271639,0.554132998,0.051980507
1632492884,338139136,15.9091382,6.595646858,-0.918799639,-22.81237602,-0.419088036,0.526926756,0.107468814
1632492884,438208768,16.00920796,5.035934448,-0.285236657,-14.30213833,-0.34175536,0.528404057,0.050712671
1632492884,538280192,16.10927939,6.038771629,1.665056109,-15.24436283,0.023919366,0.550569594,0.009524652
1632492884,638353408,16.20935249,7.016104221,1.350938678,-21.42194176,0.129635125,0.555347085,0.055905495
1632492884,738422784,16.30942202,8.750603676,-1.288065672,-16.97309494,0.175710589,0.540347278,-0.009189593
1632492884,838500096,16.40949917,9.326658249,-0.09420377,-11.53813267,0.238596484,0.55071646,-0.001979155
1632492884,938567424,16.50956655,7.973877907,-0.389099538,-12.65581989,0.338378668,0.549487531,-0.136119589
1632492885,38636544,16.60963559,6.172861576,2.391972303,-18.96990395,-0.104675189,0.55776,-0.172535926
1632492885,138707456,16.70970654,10.04890156,3.897454977,-15.37604141,0.040603343,0.53737849,0.003183829
1632492885,238774272,16.80977345,9.135267258,3.08128643,-11.972332,0.070153572,0.545707166,-0.149206161
1632492885,338843136,16.90984225,8.975605011,2.00219965,-15.30671406,0.001104216,0.563504815,-0.571279705
1632492885,438914048,17.00991321,9.249452591,-3.219917297,-12.7924633,0.21441038,0.559210956,-0.511799932
1632492885,538987008,17.10998607,7.694857121,-2.885770798,-12.19014931,0.17453222,0.555764198,-0.184842601
1632492885,639061504,17.2100606,8.627165794,-1.031725168,-10.23449802,0.41457057,0.568208992,0.133388191
1632492885,739132160,17.31013131,10.72490311,0.377934963,-10.64616966,0.21593459,0.575666606,0.184861273
1632492885,839204608,17.4102037,11.46005249,-3.962599277,-10.85587597,0.090609662,0.520551562,-0.089799754
1632492885,939272960,17.51027203,7.719630241,-3.575765371,-11.24440956,-0.839484155,0.511710882,0.106309928
1632492886,39343360,17.6103425,7.360433578,1.224563122,-9.822357178,-0.310654938,0.532663763,0.002188616
1632492886,139415552,17.71041465,7.706401348,3.433183432,-11.5154295,0.297183961,0.553860366,0.020522667
1632492886,239483648,17.81048274,9.235741615,2.729433775,-5.341870308,-0.177139163,0.542378366,0.246396527
1632492886,339559680,17.91055894,10.73983669,1.865026236,-9.789847374,-0.192913488,0.534357429,0.205230549
1632492886,439631616,18.01063085,8.945854187,4.446326256,-6.041767597,-0.291593909,0.535734951,-0.043144677
1632492886,539705600,18.11070466,6.918485641,2.850697994,-5.836349487,-0.100259073,0.541460216,-0.02524209
1632492886,639775744,18.2107749,9.196658134,-1.34058392,-2.739470959,0.445888221,0.552568197,-0.035378154
1632492886,739847680,18.31084681,7.176540852,-3.036421537,-7.866855621,0.660587847,0.579177141,0.056809485
1632492886,839921408,18.41092062,9.30372715,-3.315182686,-4.419817448,-0.027834091,0.536639154,0.216368526
1632492886,939991040,18.51099014,9.31913662,-4.329874516,-3.698985577,-0.831101716,0.501730621,0.265682399
1632492887,40062720,18.61106181,6.915998459,5.557142258,-5.810979366,-0.178987429,0.548836291,-0.076885499
1632492887,140136192,18.71113539,8.768636703,3.761560202,-2.307149887,-0.14436473,0.54751122,-0.249520078
1632492887,240211712,18.81121087,6.318363667,0.312432706,-2.914370537,0.222808436,0.542125583,-0.046526249
1632492887,340283136,18.9112823,6.501889229,-2.815836191,-2.595034599,0.252702862,0.54503262,0.071531668
1632492887,440356352,19.0113554,5.821619987,-1.653476477,0.044229031,-0.252741873,0.54084897,-0.103146143
1632492887,540431360,19.11143041,6.543307304,1.62722826,2.162222862,-0.133454457,0.542518258,0.338984549
1632492887,640508672,19.2115078,7.618113041,3.163525343,-3.147395134,0.269151777,0.548169851,0.481092006
1632492887,740581888,19.31158113,4.912187576,0.440780222,-3.433026791,-0.057934072,0.537160575,0.568807781
1632492887,840663040,19.4116621,4.967266083,-0.486935914,-3.385220528,-0.195673302,0.528884232,0.672121346
1632492887,940734208,19.51173329,4.307763577,-1.270674229,1.304465771,-0.309523225,0.520707786,0.699066043
1632492888,40807168,19.61180639,8.349917412,0.418462038,-4.360074997,0.253518105,0.523783088,0.374272674
1632492888,140882176,19.7118814,2.027041435,-1.253178835,-1.069257736,-0.064316779,0.544652224,0.250347286
1632492888,240958976,19.81195807,3.524614334,0.621739745,3.057724476,0.379548609,0.533447266,0.469740182
1632492888,341031680,19.91203094,2.868253708,-2.78638792,2.296418667,0.14586547,0.538478494,0.317326605
1632492888,441106176,20.01210523,3.311627388,-2.697231293,2.593677044,-0.00519236,0.541627288,-0.091356352
1632492888,541182464,20.11218166,2.35132122,0.065421104,-4.09541893,0.264366478,0.544908166,-0.096273474
1632492888,641254912,20.21225405,2.836350441,1.140009642,-0.652695656,0.216696173,0.541665494,-0.156139404
1632492888,741329152,20.31232834,-0.402653396,1.561300159,-0.894778252,-0.040894296,0.559100688,-0.367144525
1632492888,841405440,20.41240454,0.264418423,-0.209897876,0.366188049,0.213598505,0.55951792,-0.402940691
1632492888,941477888,20.51247692,-2.375868559,-0.664283454,0.099331856,0.166022182,0.567602038,-0.471818686
1632492889,41558016,20.61255717,-0.272976041,-2.574928761,-1.074159622,-0.060581155,0.54987061,-0.482351243
1632492889,141640192,20.71263933,-1.770457149,-3.179553509,-2.505586624,0.074731693,0.558876693,-0.472861946
1632492889,241718272,20.81271744,-2.27828455,-3.983963013,-0.150644302,0.211240366,0.552501321,-0.148401722
1632492889,341798144,20.91279721,-3.028010607,1.436200023,-2.76868248,-0.239017218,0.540861428,-0.048530743
1632492889,441874176,21.01287341,-5.334915161,-1.708554029,-1.514242172,0.399328381,0.555337787,-0.178673998
1632492889,541952000,21.11295104,-3.922680855,-1.31524384,5.102185249,0.231004611,0.539305985,-0.035032235
1632492889,642025728,21.21302485,-5.1414361,-1.927615166,3.82413578,0.167275459,0.554751456,0.044010371
1632492889,742101504,21.31310058,-3.084702492,-2.340624332,0.29763031,-0.034124132,0.533414543,-0.16237998
1632492889,842178816,21.41317797,-7.240531445,-1.226176739,-3.463693619,0.38392815,0.547359049,-0.111336984
1632492889,942258176,21.51325727,-5.901255608,-2.040085793,-0.641684532,0.275408894,0.559724629,-0.000756048
1632492890,42333440,21.61333251,-5.052506924,-2.576928616,-2.875580311,-0.466558993,0.532552779,0.028436579
1632492890,142411008,21.71341014,-7.295955658,-0.907197297,-1.52422905,0.086755358,0.554943264,-0.031962581
1632492890,242490368,21.81348944,-5.068870068,1.164346457,-7.07348156,-0.039306968,0.552965999,-0.027087977
1632492890,342565632,21.91356468,-8.876698494,-0.82333231,-4.755204201,-0.219783008,0.540604591,0.082061365
1632492890,442642688,22.01364183,-7.203438759,-0.493984222,-0.900630474,-0.083416902,0.529945731,-0.19811213
1632492890,542721792,22.11372089,-9.186908722,0.001432776,-2.780340195,0.521949232,0.556124449,-0.117716618
1632492890,642802688,22.21380186,-8.874441147,-1.473219514,-6.878733635,0.058292519,0.557825565,-0.314853013
1632492890,742879744,22.31387877,-9.046557426,-1.944827914,-3.905928135,0.007377969,0.552876294,-0.299563885
1632492890,842958336,22.4139576,-8.209565163,-3.926388741,-4.647109985,0.175920874,0.548675001,-0.192516848
1632492890,943038976,22.51403809,-9.197888374,-3.291833401,-6.470491886,-0.068726741,0.549393177,0.066437863
1632492891,43115520,22.61411476,-6.610689163,-0.064855337,-7.497091293,0.195584595,0.543779731,-0.117741674
1632492891,143194112,22.71419334,-9.410045624,-3.86311698,-1.522450447,-0.236822069,0.548358023,0.079525284
1632492891,243274496,22.8142736,-9.496076584,0.760805368,-9.246091843,-0.05260817,0.540127277,0.077095173
1632492891,343350784,22.91435003,-8.662887573,-2.140320539,-7.770401001,-0.027143443,0.535621226,0.200688854
1632492891,443428864,23.0144279,-10.01333618,-0.343805432,-9.184742928,0.071371302,0.534465492,0.210668355
1632492891,543508992,23.11450815,-11.79031658,-1.231531382,-9.229113579,-0.124741502,0.538885534,0.398654103
1632492891,643585280,23.21458435,-9.343352318,-0.586140096,-4.664915085,0.092469282,0.54117614,0.502932191
1632492891,743663616,23.31466269,-6.726446629,-1.135172486,-8.643249512,0.284009874,0.525818169,0.170428097
1632492891,843743744,23.41474295,-9.052537918,-3.434685469,-9.852415085,-0.666073859,0.51406616,0.158762351
1632492891,943825664,23.51482487,-13.35711193,1.942784309,-15.80759525,-0.144478962,0.545467675,0.079347111
1632492892,43903744,23.61490297,-8.532420158,1.043695569,-12.28784084,-0.130305171,0.537904203,-0.13861081
1632492892,143989504,23.71498871,-9.934099197,1.650781155,-11.27971649,0.108147211,0.554917037,-0.18238534
1632492892,244071168,23.81507039,-8.586452484,-1.235189199,-11.44537926,-0.102752775,0.550135314,-0.2141518
1632492892,344148736,23.91514778,-9.17121315,-2.845009804,-8.345694542,0.097720541,0.559249222,-0.327658832
1632492892,444228352,24.01522756,-9.487837791,-1.459813714,-11.2267561,0.093798079,0.553554654,0.061875761
1632492892,544309760,24.115309,-6.882389069,-2.333722591,-15.90648556,-0.354980469,0.538551092,-0.038251985
1632492892,644387072,24.21538615,-8.799150467,0.866331577,-14.34546852,-0.263855964,0.552724659,0.092828274
1632492892,744466176,24.31546521,-6.213610649,0.26803124,-13.0563736,-0.116416767,0.529940248,0.007408126
1632492892,844547328,24.41554642,-11.26791763,1.175764441,-22.04919624,0.570638359,0.552848577,0.060534112
1632492892,944630272,24.51562953,-7.548240185,-1.308208466,-13.3813591,0.024312261,0.545640171,-0.084836178
1632492893,44709120,24.61570835,-8.267255783,-0.559589565,-16.26266479,-0.150282219,0.546231329,0.027162271
1632492893,144790016,24.71578908,-7.925990105,-1.985485315,-13.20472908,0.124129705,0.555353403,-0.042274963
1632492893,244872960,24.81587219,-6.439780712,-2.321530819,-14.92600536,-0.046633564,0.535763681,0.084305674
1632492893,344951808,24.91595101,-4.958766937,4.789590836,-21.04994392,-0.163377345,0.541342556,-0.054404601
1632492893,445038592,25.0160377,-5.626493454,2.127893925,-15.26831436,0.110357709,0.542397141,0.101058014
1632492893,545121280,25.11612034,-4.72386837,3.019068956,-16.99837875,-0.111318037,0.546068192,-0.036431998
1632492893,645199872,25.21619892,-5.853771687,-0.686087668,-17.99697113,0.049939863,0.544196069,-0.005223518
1632492893,745280512,25.31627965,-5.138381958,-5.767897606,-18.66976929,0.189847216,0.551353455,0.033857554
1632492893,845362944,25.41636205,-3.600550652,-5.925425053,-18.26927567,0.008540672,0.548785985,0.011288112
1632492893,945447168,25.51644635,-3.839946747,-4.478554726,-18.32237625,-0.048787862,0.549168646,0.001928352
1632492894,45527296,25.61652637,-3.983035564,-4.003092766,-16.07965088,-0.376858741,0.52346772,-0.022071743
1632492894,145609472,25.71660852,-2.779834032,0.459626794,-14.65328407,-0.229485691,0.523935735,0.124701507
1632492894,245693440,25.81669259,0.352152824,3.886575699,-20.05897903,0.62676686,0.531283259,0.421293646
1632492894,345773312,25.91677237,-2.037953138,-5.070891857,-20.73545837,0.09432257,0.538707554,0.097272545
1632492894,445855232,26.01685429,-2.647698402,-1.207929254,-15.10107231,-0.0576321,0.555060744,-0.039262805
1632492894,545938944,26.11693811,-0.580953538,-0.384049177,-23.268507,0.175694525,0.563620627,0.019725971
1632492894,646024448,26.21702361,1.631522894,-1.433534384,-20.28636551,-0.079729781,0.528985023,-0.143030405
1632492894,746106112,26.31710529,-0.11107187,-0.796119094,-16.04764748,0.200990319,0.530417085,-0.152610421
1632492894,846189568,26.41718864,-3.441552877,-2.991750717,-23.57129669,-0.486528426,0.535952508,0.180463478
1632492894,946280960,26.5172801,2.276259184,-0.016049027,-18.68585587,0.215732113,0.542491853,-0.080163389
1632492895,46362112,26.61736131,0.461895943,0.928008199,-20.57521057,-0.246711358,0.553841889,0.140483275
1632492895,146445568,26.71744466,3.047683239,0.818583786,-15.8910017,0.066402286,0.556001246,-0.001987813
1632492895,246530816,26.81752992,3.820892811,4.089871407,-21.02904129,-0.545744181,0.525961936,0.086016707
1632492895,346611968,26.91761112,1.970666409,-0.859769642,-15.41736794,0.38017109,0.5594697,-0.169957578
1632492895,446695168,27.01769423,4.203057766,-4.857787132,-16.64066124,0.123789266,0.523305833,-0.031922925
1632492895,546780416,27.11777949,2.346245766,-4.695273876,-24.65185928,-0.303984463,0.549291193,-0.036581691
1632492895,646867200,27.21786642,4.750898361,3.206399202,-17.28384018,-0.119659662,0.535498679,0.056644958
1632492895,746950144,27.3179493,4.388576031,5.771892548,-20.41093445,-0.121350706,0.549194217,-0.0187562
1632492895,847034880,27.41803408,6.358939171,3.676958561,-17.81134033,-0.088545375,0.547443748,-0.168672621
1632492895,947121408,27.51812053,6.237637043,-0.152485967,-17.4010849,0.229861006,0.544600785,0.023110174
1632492896,47204096,27.61820316,5.549088955,-4.394141197,-16.02549744,0.192033127,0.551516116,-0.017652018
1632492896,147288576,27.71828771,6.459645748,-4.550726891,-17.30370331,0.065676779,0.550717473,0.025343619
1632492896,247374848,27.81837392,6.806236267,-3.169282436,-18.55570602,0.100588709,0.545432627,-0.086000867
1632492896,347457024,27.91845608,7.69471693,1.961029768,-11.29200554,0.283630937,0.530205846,0.07685037
1632492896,447547136,28.01854634,7.351847172,0.850334048,-17.13604927,-0.406817049,0.529701173,0.348541647
1632492896,547633408,28.11863256,7.783788681,1.819034338,-14.24767303,0.003954196,0.544889271,0.540228724
1632492896,647721216,28.21872044,10.15057659,1.538292766,-12.04874992,-0.023032639,0.540498912,0.088395931
1632492896,747805184,28.31880426,8.235992432,-2.90610218,-15.11048508,0.137783617,0.551343322,-0.243820459
1632492896,847890944,28.41889,8.375183105,-2.581789494,-14.06020546,0.066974789,0.567959189,-0.531985939
1632492896,947978496,28.51897764,9.797056198,-1.172169447,-13.34848118,-0.098281734,0.574272454,-0.762321949
1632492897,48062208,28.61906147,12.40524483,0.842652082,-10.93003845,0.13372536,0.553995967,-0.820185602
1632492897,148147968,28.71914721,9.403473854,-0.28165102,-8.815992355,-0.000952067,0.577689528,-0.914234638
1632492897,248235264,28.81923437,9.30017662,3.60337925,-10.11767387,0.011861953,0.584064245,-1.072125673
1632492897,348318720,28.91931796,9.556028366,1.660470009,-10.08252525,0.039131355,0.577862501,-1.170665979
1632492897,448403968,29.01940322,9.500684738,1.340979218,-11.59554958,-0.017166937,0.552978456,-0.279565871
1632492897,548491520,29.11949062,10.00436401,1.662371516,-8.736689568,0.095161021,0.535747766,-0.160580769
1632492897,648580864,29.21957994,8.368087769,0.893797398,-7.785664082,0.313896865,0.528182983,0.069152512
1632492897,748672000,29.31967115,9.276311874,4.58982563,-12.5094862,-0.267649949,0.532501101,-0.021788433
1632492897,848759040,29.41975808,9.179148674,7.935853958,-9.028968811,-0.000904606,0.540653646,0.032276344
1632492897,948853760,29.51985288,9.470561028,7.474797249,-7.413410664,-0.210826918,0.534107387,-0.044181231
1632492898,48938752,29.6199379,7.874697685,2.785326958,-9.2006073,0.155872494,0.553472638,-0.255288243
1632492898,149025536,29.72002459,9.11033535,2.434123039,-7.477530479,0.067697078,0.551402569,-0.380031198
1632492898,249114112,29.82011318,6.996366501,1.374664307,-7.033977509,-0.015622833,0.559667885,-0.605310977
1632492898,349204736,29.92020392,7.484410286,3.421243906,-5.613170624,-0.231413588,0.560473502,-0.462651491
1632492898,449291264,30.02029037,7.339851856,5.827269554,-5.374729633,0.207335204,0.581046104,-0.496986777
1632492898,549379840,30.12037897,7.052278519,7.406805992,-5.364526749,0.14564833,0.573193014,-0.578831494
1632492898,649470208,30.22046924,6.228666306,7.030535221,-5.679844856,0.044791855,0.57186228,-0.772177875
1632492898,749562368,30.32056141,6.914103031,7.302540302,-4.085288525,-0.074767269,0.551517904,-0.765579879
1632492898,849650432,30.42064953,4.286794662,8.622168541,-4.617593288,-0.288594842,0.556803644,-0.99513799
1632492898,949740544,30.52073979,2.830939054,6.427171707,-2.689300537,-0.203431785,0.569017172,-0.991269827
1632492899,49826560,30.62082577,2.646949291,8.317482948,-3.487079144,-0.084758565,0.55733639,-0.395620793
1632492899,149914368,30.72091341,-0.239492178,7.346661568,-2.738642216,0.065604247,0.539885104,0.080471769
1632492899,250010112,30.82100916,2.166972399,5.884881973,-4.49501133,0.140624568,0.555067897,-0.07871633
1632492899,350101760,30.92110085,1.379774809,3.082182884,-4.527792454,0.014031686,0.534788728,-0.029386606
1632492899,450195200,31.02119446,1.213284969,4.828619957,-2.735003471,-0.110750236,0.52009058,-0.147319838
1632492899,550284800,31.12128401,-0.299266875,4.800862312,-5.319159985,-0.26609692,0.523165286,0.211997449
1632492899,650376192,31.22137523,-0.536000609,11.06995583,-6.658216,-0.103346623,0.52816391,0.389598817
1632492899,750463744,31.32146287,1.356167555,7.5052495,1.446662426,0.260629058,0.549931288,0.529702365
1632492899,850552832,31.42155194,0.764497638,7.944010735,-1.562869072,-0.051814362,0.543210149,-0.007682454
1632492899,950644224,31.5216434,-0.815326631,11.78871155,-2.569743156,0.221808955,0.552828789,-0.051451951
1632492900,50731264,31.62173033,-0.123117208,11.4673996,-2.874548435,-0.040498197,0.548357189,-0.190324679
1632492900,150820096,31.72181916,0.228077471,3.427890778,-4.580674171,0.337961257,0.536009431,0.078212216
1632492900,250910976,31.82191014,-0.619703054,3.475734472,-3.067287922,0.095912091,0.529574871,0.109478533
1632492900,351003648,31.92200279,-2.681921482,3.047884464,-3.737647057,-0.227805674,0.540216267,0.003788479
1632492900,451092224,32.02209139,-1.650687218,7.665100098,2.733988523,-0.29976818,0.53482306,0.100932553
1632492900,551182848,32.12218189,-3.893625736,8.796432495,-1.903080463,-0.359494627,0.541781664,0.525266409
1632492900,651275264,32.2222743,-1.543946028,9.328629494,-4.610841751,0.329201162,0.533543229,0.663268924
1632492900,751363584,32.32236266,-1.66386354,6.654537678,-2.012909412,0.082708247,0.525429308,0.477966607
1632492900,851453952,32.42245317,-0.941544652,6.955896854,-1.309745312,-0.073388055,0.531475306,0.48014015
1632492900,951546112,32.52254534,-1.272050381,7.228520393,0.101783752,-0.09068682,0.525292337,0.524955988
1632492901,51634176,32.62263322,0.938528657,14.84407616,-9.495960236,0.400631398,0.534911752,0.57131958
1632492901,151724032,32.72272325,-0.715703487,11.0114603,-3.061739445,0.095155939,0.547949731,0.16004841
1632492901,251815936,32.82281518,-1.927356005,5.079926491,-3.176127434,0.218401358,0.552331686,0.040129442
1632492901,351909632,32.92290878,-1.087837934,5.53179121,-4.271857262,-0.020539947,0.523286164,0.743018627
1632492901,451999232,33.02299833,-2.806608677,8.417778015,-4.761372089,0.059995703,0.517494857,0.871684134
1632492901,552090880,33.12309003,0.673040628,8.705788612,-3.877139091,0.319024235,0.528133094,0.63841027
1632492901,652184576,33.22318363,0.002960205,9.324321747,-2.737015724,-0.300809801,0.527635098,0.383310497
1632492901,752274176,33.32327342,-1.095623493,12.81744003,-3.605400085,0.048285346,0.54558599,0.137625277
1632492901,852365824,33.42336488,-0.583689451,6.686032295,-4.653121948,0.231024399,0.54865855,-0.037535943
1632492901,952459264,33.52345848,-2.640961409,7.535173893,-3.653280735,0.012081642,0.549922168,-0.075601086
1632492902,52560640,33.62355971,-1.113749981,8.507743835,-4.189509869,-0.282874644,0.560135961,-0.790711701
1632492902,152651776,33.72365093,-4.076938629,10.39472198,-4.302611351,0.342413098,0.569078803,-0.649941325
1632492902,252744960,33.82374406,-6.210310936,6.489211559,-3.242822647,-0.209733441,0.550661027,-0.754391611
1632492902,352839936,33.92383909,-6.345876694,6.403030872,-4.992712498,-0.08950913,0.548415899,-0.431468368
1632492902,452930816,34.02393007,-6.10703516,7.489431381,-4.823364735,-0.137399986,0.541630208,0.076392621
1632492902,553023744,34.12402296,-4.472659111,13.2848053,-6.222741127,-0.008013064,0.550487101,-0.068314448
1632492902,653118464,34.22411752,-5.74403286,7.82224226,-5.177608013,0.108306058,0.551272273,-0.029807387
1632492902,753209088,34.32420826,-5.818925381,2.766424179,-6.3462286,0.245955378,0.5574736,-0.018761212
1632492902,853301760,34.42430091,-6.132680416,4.384991646,-4.18021965,0.022959907,0.557125628,0.02498913
1632492902,953396224,34.52439547,-2.371754408,5.915023804,-7.240018845,-0.545372903,0.509803176,0.017584648
1632492903,53492480,34.62449169,-9.098007202,13.43786621,-3.685424566,0.552387476,0.566758275,0.148529842
1632492903,153584640,34.72458386,-2.424750805,10.11390781,-7.415140152,-0.004238247,0.55521965,0.12452665
1632492903,253678848,34.82467794,-5.600364685,8.640559196,-8.584257126,0.163385436,0.538247764,0.057401761
1632492903,353775104,34.92477417,-6.295498848,9.271535873,-9.125376701,0.123554058,0.539119065,-0.041259684
1632492903,453867008,35.0248661,-4.251654148,2.29022789,-9.923710823,0.780419648,0.521870017,0.097167313
1632492903,553966848,35.12496591,-7.737856865,3.586329937,-4.626596928,0.226078823,0.53307718,0.396978706
1632492903,654062592,35.22506166,-11.1540823,4.071499825,-27.48475456,-0.055557307,0.539694309,0.424174875
1632492903,754154240,35.32515335,-7.319871902,5.494703293,-10.42123222,0.038985103,0.542108595,0.069747217
1632492903,854247936,35.42524719,-7.020321846,4.689909935,-14.36684513,-0.867351592,0.534197927,0.160935417
1632492903,954343424,35.52534246,-6.211100578,9.371444702,-3.90187645,-1.662416577,0.528786004,-0.038887843
1632492904,54440960,35.62544012,-8.682988167,11.62069988,1.46175015,-0.337865412,0.543115795,0.575790405
1632492904,154534144,35.72553325,-6.982007027,17.83882141,-8.125538826,-0.148177087,0.532535315,0.301517993
1632492904,254629376,35.82562852,-5.148897648,8.477778435,-6.761872292,0.449488848,0.576912642,-0.129558697
1632492904,354726656,35.9257257,-4.243491173,8.344025612,-8.628681183,-0.109478086,0.536335766,0.085715033
1632492904,454819584,36.02581882,-6.763415813,9.501700401,-8.898530006,-0.022273922,0.543227911,-0.010011014
1632492904,554914560,36.12591362,-4.916114807,6.843035698,-11.62935257,0.088095419,0.550086975,0.037987806
1632492904,655011584,36.2260108,-4.524532795,11.6804018,-12.40992355,-0.480113387,0.538339674,-0.26630196
1632492904,755104256,36.32610345,-6.133060455,6.291318417,-12.72899628,-0.753582776,0.550030053,-0.343319416
1632492904,855204864,36.42620397,-4.46522522,7.209218979,-2.819917679,-0.600890815,0.524009287,-0.316357732
1632492904,955301376,36.52630043,-7.688663006,15.2454834,-12.89882469,0.021885049,0.540253818,0.033141635
1632492905,55405824,36.626405,-5.820519924,16.23071098,-11.94649982,0.643267334,0.53927356,0.199908301
1632492905,155500032,36.72649908,-3.891364098,13.95456314,-16.20988274,0.532702446,0.526602864,0.375605702
1632492905,255596288,36.82659554,-5.436856747,10.16458035,-12.54173088,0.066708043,0.550451815,0.03817299
1632492905,355694592,36.92669368,-4.379823208,10.50242615,-12.84345436,0.013493317,0.5465675,0.035831161
1632492905,455788544,37.02678776,-5.407860279,6.338336945,-11.88942337,0.423709929,0.545011103,0.031897739
1632492905,555884544,37.12688375,-4.998850822,7.956701279,-12.81025505,0.914652646,0.587697387,-0.083418876
1632492905,655982336,37.2269814,-3.131332397,4.404679298,-9.646583557,-0.033005796,0.539998293,-0.082445949
1632492905,756076032,37.32707524,-4.628876686,7.5378232,-14.71739483,-0.198007882,0.559640706,-0.146858826
1632492905,856171776,37.42717099,-3.232693672,10.62292576,-17.45873642,0.482836902,0.546500623,-0.218122765
1632492905,956269312,37.52726841,-4.888852119,6.208391666,-11.55299854,-0.274479896,0.532377779,-0.186392054
1632492906,56368896,37.62736797,-4.290447235,9.519610405,-16.01979637,0.194080085,0.548143983,0.013769693
1632492906,156464384,37.72746348,-3.480026484,6.498751163,-15.06538868,-0.206218734,0.541134655,-0.034215
1632492906,256561664,37.8275609,-3.131939173,9.897054672,-14.94886017,0.264549434,0.563504696,0.010245644
1632492906,356666624,37.92766571,-2.141830444,9.019690514,-16.61022568,-0.037231825,0.549440265,-0.089213483
1632492906,456761600,38.02776074,-3.243889809,8.227344513,-16.64804268,0.386301637,0.546660841,-0.006550607
1632492906,556858624,38.12785769,-3.509888649,9.844150543,-14.25710297,-0.133942842,0.555836916,0.042690735
1632492906,656957696,38.22795677,-1.18755579,12.99806213,-18.29885101,0.005605807,0.545368552,0.017057614
1632492906,757058560,38.32805777,-0.839126229,8.062632561,-16.27295876,0.243137866,0.536432326,0.162464812
1632492906,857155328,38.42815447,-0.753242552,4.633245468,-16.64211464,0.142094269,0.527793705,0.572788954
1632492906,957253888,38.52825308,1.046504259,6.541062832,-16.41270447,-0.132159501,0.518462181,0.443207443
1632492907,57354496,38.6283536,-0.86949724,7.607262611,-17.48039246,0.065736547,0.547500908,0.205889702
1632492907,157450752,38.72844982,2.440977097,7.820299625,-18.24982262,0.014031729,0.540501118,0.016243365
1632492907,257549056,38.82854819,0.905092895,9.946667671,-19.36614227,-0.001560442,0.543529093,-0.162309587
1632492907,357649408,38.92864847,0.220746994,6.198161125,-13.74102116,0.288443804,0.549217701,-0.140365228
1632492907,457745408,39.02874446,1.826416612,5.928360462,-14.2127037,-0.120719425,0.530425131,0.265726596
1632492907,557843456,39.12884259,-0.313459873,8.828975677,-18.7202282,-0.184173584,0.54627043,0.252284646
1632492907,657943552,39.22894263,4.261946678,8.423648834,-16.59759712,-0.155089349,0.542315185,0.338636905
1632492907,758039552,39.32903862,4.307134151,9.407121658,-15.15512848,-0.023935724,0.53671819,0.364214927
1632492907,858143232,39.42914248,4.848958015,9.627926826,-12.85167885,-0.148918435,0.54033947,-0.053780649
1632492907,958242560,39.5292418,4.031002045,12.89219475,-12.80970573,-0.18915996,0.547191203,0.020150326
1632492908,58337792,39.62933683,4.707976341,10.75539017,-13.22387886,0.021665618,0.550754309,-0.009975172
1632492908,158434816,39.72943401,4.872587204,9.135332108,-14.92401981,0.182361841,0.53653723,-0.069513559
1632492908,258533888,39.8295331,4.408132553,6.747713089,-13.62893772,0.058840301,0.544530272,0.013919585
1632492908,358628864,39.9296279,5.03670454,8.180330276,-13.70106697,-0.096346892,0.54880935,-0.01344802
1632492908,458725888,40.02972507,5.697884083,8.754831314,-12.94981956,0.007009082,0.549720526,-0.001208395
1632492908,558824704,40.12982392,5.29119873,7.576758385,-12.8522377,-0.022895202,0.525203407,0.571298182
1632492908,658925312,40.22992444,5.265210152,8.475131989,-11.52850056,0.123288564,0.532659233,0.583343804
1632492908,759022080,40.33002114,7.670269012,6.041535378,-9.461061478,0.144446537,0.519303977,0.409247249
1632492908,859120640,40.43011975,4.817228794,5.455904961,-10.79544067,-0.118693635,0.500765622,1.138638377
1632492908,959220992,40.53022003,6.249873161,6.880911827,-18.34376335,0.421609193,0.53544575,1.28360498
1632492909,59317248,40.6303165,9.833676338,2.555984497,-8.360919952,-0.155767009,0.504393816,1.245186448
1632492909,159415552,40.73041463,11.01006889,3.414550543,-6.87769413,0.071865797,0.52459842,1.1183846
1632492909,259515648,40.83051491,12.12577248,1.306423426,-9.101677895,0.246271729,0.53224808,0.52140528
1632492909,359617536,40.93061662,10.87298489,0.089075804,-11.18315792,-0.0552819,0.529130697,0.517699182
1632492909,459715584,41.03071475,10.14677238,-0.691452265,-8.64529705,-0.194867358,0.532753289,0.103017628
1632492909,559815424,41.13081455,8.599941254,1.690274715,-4.103422642,0.015655795,0.547786057,0.017799068
1632492909,659917056,41.23091626,10.40430546,1.673792839,-11.18013859,-0.361045659,0.536119938,-0.077012748
1632492909,760014848,41.33101392,11.88792801,4.392904758,-10.9373951,0.098908849,0.520310879,0.14267762
1632492909,860114432,41.43111348,7.293440342,1.97078836,-1.8696661,-0.184280798,0.538896203,0.326558918
1632492909,960215808,41.53121495,9.690167427,2.592137575,-7.896776199,-0.150088355,0.523446202,0.765254498
1632492910,60313344,41.63131237,13.9453125,2.423379898,-1.732774019,0.25491026,0.52439338,0.794109464
1632492910,160412672,41.73141193,8.825870514,-2.462409735,-7.043662548,-0.102844514,0.535643876,0.540033996
1632492910,260513792,41.83151293,8.576286316,-1.969482899,-6.578876495,-0.013495669,0.548110485,0.461893976
1632492910,360616960,41.93161607,8.94649601,-1.287921786,-5.102704048,-0.253107101,0.52831018,0.339104086
1632492910,460716032,42.03171515,8.769731522,-0.091644406,-1.698125362,-0.19999212,0.525639713,0.680358469
1632492910,560817152,42.13181639,9.419521332,-0.104219198,-5.858092308,0.277479917,0.523008466,0.765578032
1632492910,660925952,42.23192501,9.322159767,-2.609013319,-1.378668785,-0.068971835,0.516919315,0.238444746
1632492910,761024768,42.33202386,6.496316433,-4.098003864,-8.540984154,0.602942705,0.562366247,-0.030820711
1632492910,861125376,42.43212461,5.961555004,-3.444429398,0.63580513,0.378904879,0.558077157,0.003898629
1632492910,961230848,42.5322299,6.795670033,-3.285163879,0.508626938,-0.429559499,0.555765152,-0.125047669
1632492911,61329408,42.63232851,8.461220741,-1.238541126,-4.536299229,-0.151031986,0.53742224,-0.18884705
1632492911,161429760,42.73242879,5.933628082,1.659143209,-2.363558769,-0.10501571,0.536822498,-0.023074236
1632492911,261532160,42.83253121,4.476056576,-1.676755905,-0.378196716,0.447728306,0.576778114,-0.301232368
1632492911,361630464,42.93262959,4.620636463,-2.728074789,2.458346844,-0.041611832,0.56036824,-0.684795439
1632492911,461730560,43.03272963,3.422381401,1.382142305,-2.365800858,0.241297424,0.575219512,-0.553830743
1632492911,561832448,43.13283157,2.812302351,-1.131584048,-3.000271797,0.004556546,0.571352601,-0.885717094
1632492911,661930240,43.23292947,5.586477757,-1.510793447,0.883572578,-0.102741107,0.559484005,-1.047837734
1632492911,762030080,43.33302927,4.843601227,-1.171065569,-2.472904205,-0.1604058,0.552928746,-0.386494398
1632492911,862131712,43.43313074,2.386278152,-1.473039865,-0.836548805,0.113605186,0.543810368,-0.08870627
1632492911,962235392,43.5332346,1.851727486,-5.180047989,0.822943687,0.151961535,0.55382216,-0.011075551
1632492912,62334976,43.63333416,1.956197739,-2.640990734,-0.552695274,-0.054128718,0.537728906,0.042871818
1632492912,162442240,43.73344135,-0.733601332,1.92107439,-0.055980682,0.210334837,0.548860729,0.1111302
1632492912,262539520,43.83353877,-1.466566801,-0.772947311,0.202968597,-0.458824217,0.55217731,0.168967724
1632492912,362638848,43.9336381,0.214725018,2.820857763,-0.06237793,0.044901125,0.557675779,0.079447173
1632492912,462739968,44.03373909,0.312785745,0.289726019,-0.779763222,0.029907484,0.547665,-0.29302752
1632492912,562843136,44.13384223,0.464111686,-2.96813488,1.617879868,0.015722193,0.527181149,-0.320538193
1632492912,662942208,44.23394132,-3.85889101,-1.054536581,-0.235883713,0.024161626,0.556769907,-0.48323819
1632492912,763043072,44.33404231,-2.102257013,-4.247174263,-4.095283508,0.022645963,0.559394598,-0.368416846
1632492912,863145984,44.43414521,-2.773664951,-0.047414064,0.930410385,-0.129710287,0.543550491,0.121842399
1632492912,963244544,44.53424358,-3.290506363,2.274899006,-1.280809402,-0.000622306,0.545279622,-0.006625363
1632492913,63345152,44.63434434,-3.772716999,-2.135305166,-1.810365677,0.160575509,0.540964305,0.007865297
1632492913,163447552,44.73444676,-6.124761581,-3.172383785,0.345874786,0.089931585,0.562308729,-0.175247788
1632492913,263552000,44.8345511,-2.595748186,-2.629029512,-0.297118187,0.373025984,0.576240063,-0.033950601
1632492913,363652352,44.93465161,-3.81582427,-1.429888964,0.140903473,-0.587178826,0.51240164,-0.147269398
1632492913,463760384,45.03475952,-4.823380947,0.090584397,-1.847058773,-0.076054439,0.524118066,-0.178986207
1632492913,563864320,45.13486338,-8.551885605,4.226319313,-3.516455173,0.028038681,0.537740409,0.194973812
1632492913,663964416,45.23496366,-3.768313408,4.476141453,-2.678721905,-0.007738998,0.549751759,-0.03910061
1632492913,964269056,45.53526831,-7.898497105,-4.624953747,-4.560083866,0.061548602,0.539995611,0.050608452
1632492914,164473600,45.73547268,-7.547863483,-0.424372911,-5.634540558,-0.230855033,0.545270145,-0.046666004
1632492914,364679936,45.9356792,-7.088002205,-2.777211189,-5.704311371,0.254938185,0.559857726,-0.018298689
1632492914,464782848,46.0357821,-8.999383926,-3.01630497,-6.736189842,0.196981162,0.564800084,-0.03210995
1632492914,664988672,46.2359879,-11.0871067,-0.352024674,-8.283535004,0.006488636,0.532906651,-0.017305527
1632492914,865196032,46.43619514,-10.01664639,0.207330942,-14.97272015,0.161851645,0.551142275,0.263501853
1632492915,165509120,46.73650837,-8.696762085,-1.886041403,-7.704621792,-0.21153602,0.532679856,0.251506597
1632492915,565915136,47.13691425,-9.861116409,-2.012414217,-10.58786869,-0.15486531,0.539814413,0.272114754
1632492915,766120704,47.33711982,-7.959336758,1.896794319,-6.963821411,0.201656327,0.548988402,-0.004991327
1632492915,966321920,47.53732109,-6.363110542,-2.691203117,-10.36864662,-0.486034393,0.522266269,-0.123016357
1632492916,66425344,47.63742447,-7.730161667,0.16150409,-15.20787334,0.370077312,0.533235252,-0.002709948
1632492916,266626048,47.83762527,-7.671766281,-2.98213172,-13.72432709,-0.059371118,0.556553066,-0.022808947
1632492916,466834176,48.03783321,-6.401262283,-0.11418587,-12.28385258,0.485934794,0.539219856,-0.079701655
1632492916,967339776,48.5383389,-2.522827148,-0.688634157,-17.44248772,-0.237698331,0.523369491,0.393805325
1632492917,67444224,48.63844347,-2.009189844,-1.209366679,-19.62553787,0.13225317,0.531666517,0.368021965
1632492917,668056832,49.23905587,-1.051859975,-2.353357315,-20.66238785,0.008011863,0.549002647,-0.034063458
1632492917,768162560,49.33916163,-1.068462014,-0.843387306,-20.97008896,-0.051528204,0.567670584,-0.172589511
1632492917,868263936,49.43926311,1.178597689,3.397086143,-19.50087357,0.45522514,0.568290472,-0.358057946
1632492917,968367104,49.53936625,0.492057562,-2.970576763,-19.20711517,0.150039494,0.551582038,-0.159305856
1632492918,168573440,49.73957253,3.211662292,1.526457429,-27.59401131,-0.171253949,0.519067109,-0.167687625
1632492918,769196288,50.34019542,3.192753792,-1.655748487,-18.12252045,-0.018635022,0.534739554,-0.110853031
1632492918,969403136,50.54040217,5.483160973,1.885393143,-22.85824585,0.473299712,0.571049094,-0.098714545
1632492919,69509376,50.64050841,6.842341423,-3.649134398,-16.61031723,-0.296640217,0.528957605,-0.11995858
1632492919,269721600,50.84072065,8.335851669,1.418687224,-20.24916649,-0.061545819,0.542858422,0.017491946
1632492919,770228736,51.34122777,9.089146614,-1.071516752,-15.64135742,-0.117435776,0.542088687,0.215103075
1632492919,970431488,51.54143071,10.73003769,-2.865721703,-13.06546593,0.322794229,0.554407299,-0.090100624
1632492920,70532864,51.64153194,7.104680061,-2.092373848,-14.30574036,-0.817052126,0.544041097,0.006941945
1632492920,971446272,52.54244542,12.23836136,0.658237219,-13.88032818,-0.024252387,0.535954118,0.024447797
1632492921,171646976,52.74264622,9.966852188,-3.041190624,-3.769045353,-0.210015327,0.535019517,-0.105484106
1632492921,471947264,53.04294634,10.22494698,0.749074101,-7.009212017,-0.123671882,0.558347166,-0.260348767
1632492921,572047104,53.14304614,9.951927185,1.607642412,-4.643174171,0.145236865,0.563723266,-0.562858582
1632492921,972447744,53.54344678,8.699219704,-4.320352077,-6.659918308,0.242287546,0.543139994,-0.052775118
1632492922,573047552,54.14404678,6.876399517,1.895674586,-5.291532516,-0.124284796,0.516333282,0.398945719
1632492922,973439488,54.5444386,4.035978794,1.02055788,0.658416748,0.296868235,0.559920549,-0.009967145
1632492923,73537792,54.64453697,5.822478294,-1.340045691,3.58254528,0.31684494,0.535641491,-0.017043302
1632492923,173637888,54.74463701,3.600913763,1.096349239,-8.263316154,0.02073328,0.543788135,0.159215882
1632492923,373837824,54.94483685,2.297846556,-0.133815557,-2.505569458,0.386054277,0.538225889,0.257710159
1632492923,574033408,55.14503264,1.69455564,-1.548526645,-1.862965584,-0.361756533,0.541354299,-0.312436461
1632492923,774230784,55.34522986,-1.003631711,-1.485078335,3.185892582,0.018736029,0.561793745,-0.036647867
1632492923,974423808,55.54542303,-0.933259845,-0.704784214,0.50287056,-0.095422991,0.530594707,0.044743851
1632492924,174618368,55.74561763,-0.431096196,-1.192536592,2.681434155,0.167743921,0.549152493,0.104683109
1632492924,374814720,55.94581389,-2.473390102,0.539862514,-1.184428215,0.167072862,0.549656749,-0.039341759
1632492924,575006464,56.14600563,-3.499993324,-0.553152204,-2.32049942,-0.238559559,0.534257114,-0.105652958
1632492924,775199744,56.3461988,-6.525111198,0.870914578,-5.842615128,-0.062904201,0.55043453,-0.069592692
1632492924,875302144,56.44630122,-5.30302763,1.245590091,-0.609863281,0.007306604,0.551705539,-0.283592969
1632492925,75494912,56.64649415,-3.672606707,-1.424572587,-4.67815876,-0.157792658,0.530674875,-0.267980307
1632492925,375783680,56.94678283,-11.04953289,-5.875464916,-4.949515343,-0.004076987,0.563357651,0.09461385
1632492926,176557056,57.74755621,-10.76812363,-1.48624599,-13.87697983,-0.262287885,0.531332612,0.534153759
1632492926,376745216,57.94774437,-11.15701103,-0.218071103,-9.657972336,-0.083680302,0.545250237,0.075807579
1632492926,576935168,58.1479342,-10.9267149,-0.433495492,-11.37490273,-0.166003779,0.532450318,0.038687013
1632492926,877219328,58.44821858,-9.362129211,0.816140652,-8.698226929,0.410072446,0.5403409,0.182750717
1632492927,477791744,59.04879093,-7.961614132,2.13797307,-9.684449196,0.280599654,0.550758839,0.094240911
1632492928,178453504,59.74945259,-4.175545692,1.80903101,-16.37739182,0.497801065,0.544130206,-0.394832343
1632492928,478733568,60.04973269,-5.190438271,4.749789238,-18.96476173,-0.128330469,0.548795283,0.16098462
1632492928,678919936,60.24991918,-2.629453659,1.991686344,-18.72977257,0.163503528,0.54677707,-0.431626737
1632492928,979204096,60.55020332,-2.729368687,-1.003139019,-22.96330261,-0.17269662,0.581734419,-1.686273456
1632492929,379574016,60.95057321,1.164350033,2.730962276,-19.15964127,0.063337751,0.544550896,-0.183596596
1632492929,579758336,61.15075755,1.057014704,0.435927987,-19.47540283,0.012844237,0.553540826,-0.024159744
1632492929,779944192,61.35094333,3.149203777,0.057716966,-19.09799194,-0.003290514,0.541154504,0.014371881
1632492930,80219392,61.65121865,4.35824585,-1.77129972,-18.45023346,-0.208786771,0.516421676,1.012603521
1632492930,580680960,62.15167999,6.69824791,-0.879530311,-17.25750732,0.014553575,0.542477906,-0.005503725
1632492930,680774400,62.2517736,6.88297987,-5.455189705,-17.51600647,0.097469695,0.535629153,0.168372869
1632492931,81136384,62.65213561,8.711402893,6.490609169,-21.25128746,0.70384866,0.548467517,0.38286823
1632492931,381408768,62.95240784,9.346673965,2.905334234,-13.75112343,-0.046806227,0.530552864,0.192716599
1632492932,82052352,63.65305161,11.63945675,1.629906178,-10.67615891,-0.062731005,0.58682102,-1.182430387
1632492933,283130880,64.85413003,4.477453709,5.086866856,-3.70122385,-0.031507414,0.543215036,-0.13579157
1632492933,583396608,65.15439582,3.568175316,12.68257332,-1.982183933,-0.107427523,0.543879688,-0.002588952
1632492933,683487232,65.25448632,2.545790672,6.41844368,-2.301857948,-0.069404677,0.544219315,0.032074913
1632492933,983751936,65.55475116,2.68992281,5.120517731,-1.513469696,0.179667771,0.534457684,0.241931424
1632492934,83837952,65.65483713,-0.390123606,5.92830801,-4.446532726,-0.078832895,0.549352586,-0.001747007
1632492934,183926016,65.75492525,2.67431736,6.828510284,-3.064482689,-0.121445365,0.531021118,-0.017398806
1632492934,584285184,66.1552844,-0.336028576,5.906970501,-2.255623817,-0.013555469,0.546134353,0.017371081
1632492934,684370944,66.25537014,-0.810969532,6.847018719,-1.982693195,0.011590271,0.542207003,-0.040056255
1632492934,984633344,66.55563259,-2.05748415,6.801074982,-2.052078247,0.005976258,0.548493028,0.001997543
1632492935,84720640,66.65571976,-2.768226147,8.205108643,-2.068009377,-0.03716379,0.550397396,-0.013415309
1632492935,384982016,66.95598125,-3.733942509,5.595022202,-3.157674313,0.020830849,0.562526166,-0.633841336
1632492935,485071104,67.05607033,-4.842638016,6.882119179,-4.136844158,-0.083745137,0.561050296,-0.728166461
1632492935,885422080,67.45642114,-7.26958704,4.782570362,-2.569217682,-0.06550774,0.535703778,0.214870155
1632492936,485945600,68.05694485,-7.104225636,7.998122215,-6.396799088,0.054213416,0.53468281,0.387809813
1632492936,586031616,68.15703082,-7.112062454,6.580744267,-6.72581768,0.078840606,0.53714931,0.210645363
1632492937,186545152,68.75754428,-9.155057907,6.574115276,-8.542307854,-0.101457268,0.543241382,0.019667841
1632492937,286632448,68.85763168,-8.990237236,6.305462837,-5.740663052,0.207167655,0.523314416,0.609867573
1632492937,686977024,69.25797606,-5.196266174,11.92522812,-12.72463703,-0.071958095,0.512493849,1.39241147
1632492937,987232000,69.55823112,-2.452665091,8.210673332,-6.986357212,-0.042341486,0.514849722,0.983536899
1632492938,87316736,69.6583159,0.977622867,9.214998245,-5.67658186,-0.049023628,0.516191661,0.655225575
1632492938,187403264,69.75840235,1.663238049,11.10370922,-9.856277466,-0.081625722,0.539241374,0.561497271
1632492938,287485952,69.85848498,-0.424943566,11.66221905,-12.34902382,-0.253750592,0.522608519,0.533188701
1632492938,587738880,70.15873814,3.91041255,8.777933121,-8.729557991,0.031370968,0.516855001,0.867788017
1632492938,887996928,70.45899606,6.864049435,9.983710289,-9.3710289,-0.127346113,0.52981317,0.616840601
1632492938,988080640,70.55907989,7.24079895,10.08247471,-8.881248474,-0.036676913,0.542866468,0.033684772
1632492939,88166400,70.65916562,6.57302618,7.640428066,-8.773816109,0.056447353,0.546995044,-0.062699862
1632492939,188248064,70.7592473,8.103474617,5.957401276,-7.063747883,-0.055387873,0.537245572,0.37378794
1632492939,288331520,70.85933065,7.161901951,5.083557606,-6.484433651,-0.197553486,0.529059947,0.548117876
1632492939,588581632,71.15958071,8.249428749,7.303498745,-7.522068024,0.12800242,0.523680687,0.702756822
1632492939,888832000,71.45983124,6.856517315,8.826272964,-4.839304924,-0.097629979,0.540716887,-0.019851111
1632492940,189086976,71.76008606,7.215819836,-0.095489025,-6.164993286,0.385341257,0.556971848,0.13287887
1632492940,289171712,71.86017084,7.427551746,1.041500092,-3.298602581,0.07356903,0.545916736,0.101687841
1632492940,689505792,72.26050496,5.008145332,9.086172104,-1.325001717,-0.081140548,0.539939582,-0.00180903
1632492941,690330880,73.26133013,-2.727866173,4.527224064,-3.595001221,-0.28971529,0.555163741,0.043339714
1632492941,790414592,73.36141372,1.068281889,8.59113884,-6.054738998,-0.20466885,0.538300574,-0.13873364
1632492941,890494208,73.46149325,0.649974942,11.5214138,-1.867355347,0.545696855,0.561402738,-0.037089899
1632492942,891304448,74.46230364,-4.291853905,4.604471684,-2.991559982,0.000484302,0.545250714,-0.005423143
1632492943,391711488,74.96271062,-5.764260769,2.556048393,-4.364588261,0.049433507,0.550206661,-0.002182798
1632492944,92270592,75.66326976,-9.134305954,6.78467083,-8.66940403,-0.103647776,0.547533035,-0.06280493
1632492944,592679680,76.16367888,-9.194529533,4.167703629,-3.817024469,0.258538127,0.559536994,0.288379699
1632492944,692758784,76.26375794,-5.642256737,3.219325781,-13.04154873,-0.316741943,0.522187531,0.04067573
1632492944,792839680,76.36383891,-8.838870049,5.914010048,-8.820991516,-0.271787107,0.527671754,0.163892299
1632492944,992995584,76.56399465,-9.191768646,3.553396463,-12.09422779,-0.111184485,0.536512196,-0.044988982
1632492945,593467904,77.1644671,-5.230330467,0.893520594,-14.59684372,0.28478843,0.535506427,0.236368105
1632492945,693548288,77.26454735,-5.671507359,3.571159124,-14.52100754,-0.283777535,0.517305195,0.42975226
1632492946,193942528,77.76494169,-4.522888184,4.457284451,-16.13264084,0.179827914,0.523278058,0.233476028
1632492946,694330880,78.26533008,-2.848702908,4.071179867,-14.7940731,0.021978572,0.555867553,-0.31184575
1632492947,294800640,78.8657999,-1.791267633,3.777688026,-19.36158562,0.171656728,0.551999331,-0.029856183
1632492947,995337728,79.56633687,-1.147520542,4.577617645,-16.32061958,-0.489264309,0.54664582,0.023736639
1632492948,795959808,80.36695886,2.623217583,2.108771563,-18.16869354,0.353620917,0.559297681,0.089126728
1632492948,996113408,80.56711245,4.444691658,0.427597046,-16.63411331,1.091179967,0.58147639,0.197492778
1632492949,96187136,80.66718626,7.790001392,-6.565948963,-23.85307312,0.552458704,0.533773184,0.420075536
1632492949,396413952,80.96741319,6.13741827,-0.173881471,-16.09191322,-1.241732478,0.520116329,0.274298698
1632492949,696640000,81.26763916,8.219837189,1.33856678,-15.72950649,0.69179523,0.53039223,0.29906249
1632492949,996865024,81.56786418,8.618141174,0.208972186,-12.24770164,-0.175682321,0.551240325,0.105666049
1632492950,197022720,81.76802182,9.036482811,4.723560333,-13.36882973,-0.14931412,0.546853483,-0.078176461
1632492950,297095424,81.86809468,10.7474823,0.036516309,-14.95439148,0.438780338,0.520368993,0.105394363
1632492950,597319168,82.16831827,8.231404305,1.170094967,-16.56606102,-0.623648345,0.588644862,-0.771923125
1632492950,997616640,82.56861567,7.7947402,4.236758232,-7.973324299,-0.059290439,0.555495203,-0.169165686
1632492951,397920768,82.96891999,10.60434532,0.912514687,-4.087459564,0.033537123,0.513898909,-0.357741714
1632492951,497992704,83.0689919,4.913802147,4.463924885,-3.651333094,0.162093043,0.547188878,0.254518241
1632492951,898287616,83.46928668,7.704948425,4.49998045,-5.282360077,0.301062554,0.532613873,0.035371542
1632492952,398654720,83.96965384,6.726181984,-1.298319101,-6.460509777,-0.94133538,0.51101917,-0.03589252
1632492952,498727936,84.06972718,5.008767605,8.831720352,-1.178112984,-0.137421101,0.550329685,0.148847193
1632492952,798946560,84.36994576,3.89863205,0.011245251,-0.037614346,0.207399681,0.556425631,0.294979393
1632492952,899015424,84.47001457,5.536736488,1.570698023,-6.735604286,-0.467813462,0.505500674,0.564359188
1632492953,199227648,84.77022672,4.597963333,4.886360645,0.449847221,-0.183716774,0.529734492,0.236896753
1632492953,299298304,84.87029743,2.435964584,7.047961235,-0.161839485,-0.057582151,0.545621336,0.125018105
1632492953,699581440,85.27058053,2.061147213,2.550429344,2.237697124,0.07753554,0.537082911,0.689248741
1632492953,999791872,85.57079101,-0.126010001,5.191881657,0.023838043,-0.128762737,0.53195554,0.237540349
1632492954,99859968,85.6708591,-0.295015752,5.852205753,-0.533319473,-0.030508434,0.551420212,-0.023396261
1632492954,500151040,86.0711503,-2.862225771,-0.414340258,0.015965462,0.086783461,0.543378949,-0.032069892
1632492955,200650752,86.77164984,-6.04227972,4.104911327,-2.421786308,0.144809216,0.534763694,0.055473104
1632492955,300723968,86.87172318,-6.254827023,2.217418909,-2.348676682,0.111358687,0.547354817,-0.003290769
1632492956,1223168,87.57222223,-7.273864269,3.60998106,-6.771887302,-0.091655985,0.554947972,0.011418299
1632492956,201368576,87.77236772,-8.34346199,1.82726264,-6.848190308,0.072708569,0.549557626,0.037367295
1632492956,301437184,87.87243629,-9.610544205,-2.459589481,-7.307925224,0.007460362,0.552325785,-0.222670674
1632492956,501580032,88.07257915,-7.964841843,-2.329786301,-7.414569855,0.175400451,0.539333761,0.161963865
1632492956,601648128,88.17264724,-9.878338814,-1.27453804,-6.279066086,-0.129501686,0.540850699,-0.052212369
1632492957,1934080,88.5729332,-9.127151489,6.1797719,-11.73711014,-0.098404072,0.549620211,0.019250475
1632492957,702406144,89.27340531,-6.538445473,-3.013316631,-14.33703804,-0.075928003,0.553818464,-0.639092445
1632492958,603016192,90.17401528,-3.757327318,-3.016716003,-16.35669327,-0.129698992,0.562938869,-0.660333991
1632492958,703083008,90.27408218,-3.915128946,-4.665799618,-17.13749695,0.204666033,0.567088902,-0.64906776
1632492959,103357440,90.6743567,-1.573868275,-5.357471943,-17.75267601,-0.04367711,0.537543595,0.006067558
1632492959,703766528,91.27476573,0.569990098,-6.890289783,-17.78913879,0.014410431,0.562900186,-0.444596529
1632492960,204106496,91.77510571,4.712519169,-2.384705782,-17.79435158,-0.082848877,0.56599313,-1.005875587
1632492960,304174336,91.87517357,4.618937492,-3.66773653,-13.80053806,0.204567671,0.584781826,-0.84775269
1632492960,704440064,92.27543926,7.291941166,-4.944028854,-14.38710594,0.065903634,0.567303181,-0.550017893
1632492961,104707328,92.67570639,7.568862915,-3.610661268,-11.04530334,-0.112362541,0.554100335,-0.41265142
1632492961,404902400,92.9759016,9.332812309,-0.625324965,-12.88056278,-0.119578905,0.574536324,-0.696881175
1632492961,504969216,93.07596827,9.880778313,1.318554401,-10.74522591,0.181555748,0.580838382,-0.731025994
1632492962,205420032,93.77641916,8.118936539,-2.313402653,-6.861643791,-0.177725539,0.546769381,0.333804578
1632492962,405550848,93.9765501,8.746889114,-0.292173803,-1.527471066,-0.029654203,0.540438592,0.175157636
1632492962,605683200,94.17668223,6.58301115,4.886387348,-2.625526428,0.092146859,0.545268416,0.045082033
1632492962,905881344,94.47688055,6.432631016,-0.480654716,-2.84098196,-0.068758182,0.550355077,0.00092779
1632492963,5947136,94.57694626,6.367725372,0.441037118,-2.384506226,0.005856356,0.548718572,-0.002733885
1632492963,306144256,94.87714338,4.651430607,0.07470125,-1.280065536,-0.00458359,0.550870299,-0.008168937
1632492963,706408448,95.27740765,2.495699883,0.189420223,-0.362216949,-0.006200959,0.547478139,-0.008832915
1632492963,806471936,95.37747097,1.972580314,0.146552801,-0.255708694,0.003301359,0.543046832,-0.003905757
1632492963,906537216,95.47753644,1.396565557,0.229633063,-0.159110069,-0.002240581,0.540039003,-0.000408745
1632492964,606994688,96.17799377,-2.310320616,0.17915979,-0.244494438,6.09E-05,0.540620089,-0.005115924
1632492964,807122176,96.37812138,-3.329905987,0.205212176,-0.538269997,-0.000329433,0.553303421,-0.002439417
1632492965,107310336,96.67830944,-4.705393314,0.172466695,-1.13730526,-0.000170696,0.539375782,-0.000773567
1632492965,607638016,97.17863727,-6.727102757,0.135121763,-2.52031374,-0.001545152,0.542946458,-0.005183223
1632492965,707702272,97.27870131,-7.022608757,0.119653732,-2.776242256,0.003076811,0.54803884,-0.004287585
1632492966,508213248,98.07921243,-9.139976501,0.063436717,-5.813598633,-0.002907317,0.537886322,-0.000308
1632492966,708342528,98.2793417,-9.45249176,0.047589034,-6.641972542,0.002630493,0.537520945,-0.002090083
1632492966,808403968,98.37940311,-9.605043411,0.039152712,-7.157330036,-0.000709673,0.549521148,-0.002485359
1632492967,308722432,98.87972164,-9.955060005,0.033729941,-9.372998238,-8.41E-05,0.547708511,-0.005003873
1632492968,109223168,99.68022227,-9.463583946,0.019479513,-12.90045929,0.003434636,0.551626086,-0.00528667
1632492968,209287936,99.78028703,-9.357450485,0.040552884,-13.22666645,-0.000781465,0.549536467,-0.004287411
1632492968,309348608,99.88034773,-9.157184601,0.025812447,-13.72378731,-0.00261471,0.54379946,-0.002927775
1632492968,409411072,99.9804101,-9.012985229,0.047347605,-14.02314377,0.002102339,0.53973639,-0.000867928
1632492968,709592064,100.2805912,-8.317839622,0.06190148,-15.24407387,0.001890223,0.54584235,-0.005188829
1632492968,809650432,100.3806496,-8.015554428,0.053501636,-15.66957092,0.001643051,0.548456848,-0.003959608
1632492969,209896960,100.7808962,-6.816649437,0.089643687,-17.00829697,0.000705073,0.548615456,-0.004652894
1632492969,510088192,101.0810874,-5.677591801,0.110291958,-17.90109634,-0.002684664,0.5449211,-0.002933339
1632492969,810273536,101.3812728,-4.405474186,0.132848352,-18.62275314,0.002103678,0.543304324,-0.004847115
1632492970,110457600,101.6814568,-3.005950689,0.144967586,-19.15045929,0.002336051,0.551785111,-0.003501928
1632492970,910942720,102.4819419,1.059974909,0.256492525,-19.47767258,0.002056533,0.546123266,-0.00261976
1632492971,11007488,102.5820067,1.586578608,0.256483078,-19.42646408,0.003017866,0.541849852,-0.000671229
1632492971,311184128,102.8821833,3.169288158,0.283767313,-18.98820877,0.003692119,0.545110106,-0.002539092
1632492971,611360000,103.1823592,4.662894249,0.302859753,-18.28276825,-0.000255541,0.544339299,-0.001697105
1632492971,911535360,103.4825344,6.121585846,0.353746414,-17.28693008,-0.001401877,0.53946203,-0.003967533
1632492972,211715840,103.7827151,7.320897579,0.374278605,-16.06101227,0.001646663,0.551456809,-0.004410433
1632492972,712023808,104.2830229,8.832180977,0.411981851,-13.53934669,0.001928313,0.550997436,-0.002898226
1632492973,112260352,104.6832595,9.451254845,0.441450506,-11.35212803,0.001140574,0.539510846,-0.004035389
1632492973,612559616,105.1835587,9.490269661,0.474821508,-8.393614769,0.004572154,0.547285914,-0.002464246
1632492973,912743168,105.4837422,9.03579998,0.486898661,-6.579204559,0.000152334,0.548832595,-0.003910948
1632492974,12800512,105.5837996,8.848837852,0.489059538,-6.086081505,0.001861288,0.541564047,-0.00276702
1632492974,513096960,106.0840962,7.359293461,0.50441432,-3.599820137,-0.00024391,0.548066437,-0.00299799
1632492974,713212672,106.2842119,6.545643806,0.495588481,-2.713942528,0.001165484,0.548245549,-0.001658131
1632492975,13382400,106.5843816,5.236953735,0.501092911,-1.690535545,0.002039908,0.539500475,-0.003303478
1632492975,313557760,106.884557,3.765138149,0.508121133,-0.86751461,0.000388067,0.543344021,-0.000335115
1632492975,513668352,107.0846674,2.719816446,0.504405379,-0.493666649,0.006707828,0.545048654,-0.002846591
1632492975,913900288,107.4848995,0.579700649,0.496448189,-0.073271751,0.001898226,0.549263477,-0.001293943
1632492976,414189056,107.9851882,-2.052854776,0.478756309,-0.23441124,0.001476789,0.547849238,-0.003682308
1632492976,614312192,108.1853113,-3.086545467,0.478931248,-0.468588829,0.002223996,0.545481741,-0.003337028
1632492976,714367744,108.2853668,-3.559469223,0.471458733,-0.640197754,0.001977424,0.550338149,0.001274965
1632492977,214657536,108.7856567,-5.796638489,0.466401428,-1.81374836,0.002013189,0.550381601,-0.004262117
1632492977,314712832,108.8857119,-6.22466898,0.460002482,-2.12945652,0.003908585,0.542474687,-0.002450515
1632492977,915060480,109.4860597,-8.203178406,0.454334676,-4.238537312,0.001017041,0.550141215,-0.005398474
1632492978,15117312,109.5861166,-8.495173454,0.437913746,-4.668373108,0.000379014,0.545112252,-0.004166699
1632492978,115175936,109.6861751,-8.763034821,0.445545763,-5.134422779,0.000852975,0.548823178,-0.003689317
1632492978,315293184,109.8862922,-9.169949532,0.442669719,-5.991741657,-0.000861191,0.548607707,-0.001817077
1632492978,415345664,109.9863448,-9.317209244,0.439728111,-6.370740891,0.002331487,0.545971394,-0.002208591
1632492978,715509248,110.2865083,-9.726318359,0.437823474,-7.756695747,-0.001427408,0.547935486,-0.001021825
1632492978,915620096,110.4866192,-9.873550415,0.433427006,-8.675662994,0.001215929,0.54629159,-0.005142609
1632492979,415900672,110.9868999,-9.864271164,0.427196205,-11.01120281,-0.002560289,0.541486681,-0.002648137
1632492979,515956736,111.0869558,-9.792068481,0.428635061,-11.55981255,0.003096875,0.545933545,-0.003979271
1632492979,816118272,111.3871174,-9.419287682,0.420441538,-12.95354366,0.00261695,0.549578249,-0.003265113
1632492980,216330752,111.7873299,-8.678712845,0.417005539,-14.59463692,0.001872755,0.539933681,-0.003126287
1632492980,816668672,112.3876679,-6.878020287,0.420656085,-16.90886307,-0.000712936,0.541373193,-0.00306015
1632492981,517051904,113.0880511,-4.053726196,0.457603574,-18.77509308,0.001714288,0.54193902,-0.00389085
1632492981,917271040,113.4882703,-2.141878366,0.491857618,-19.34147263,-9.05E-06,0.545842171,-0.001655696
1632492982,517592064,114.0885911,0.991087794,0.545415759,-19.4888916,-0.001284369,0.548012078,-0.000895961
1632492982,717694464,114.2886937,2.059290409,0.562318742,-19.29948425,-0.000642416,0.544733882,-0.003207345
1632492983,217955072,114.7889543,4.606505394,0.619368136,-18.29423141,0.003807687,0.546799242,-0.003764407
1632492983,518116352,115.0891154,5.983680725,0.661171556,-17.34659195,0.004471172,0.545729816,-0.003780003
1632492984,118434816,115.6894341,8.174966812,0.728563547,-14.80569172,0.001670918,0.541070342,-0.000328237
1632492984,318539520,115.8895388,8.707383156,0.750843406,-13.74602699,-8.53E-05,0.550330341,-0.001347973
1632492984,418594816,115.989594,8.952072144,0.779558837,-13.15832424,0.001279227,0.544536948,-0.004311363
1632492984,518646016,116.0896451,9.1223526,0.778846979,-12.63130474,-0.003427865,0.548823237,-0.002163058
1632492984,618699008,116.1896982,9.268106461,0.784105241,-12.13722038,0.003151862,0.543507278,-0.001570764
1632492984,718754304,116.2897534,9.395726204,0.805981457,-11.49672699,0.001087966,0.543831766,0.001248599
1632492984,818811648,116.3898108,9.470261574,0.8120085,-10.96505833,0.002172121,0.547914445,-0.004916534
1632492984,918864896,116.4898641,9.530039787,0.829867661,-10.31703377,0.00365193,0.543001652,-0.003429702
1632492985,18925824,116.5899251,9.536819458,0.828171492,-9.782813072,0.002780746,0.541443825,-0.002875839
1632492985,118976768,116.689976,9.52575016,0.83623457,-9.262135506,-0.003329139,0.548829615,-0.005023181
